"series","date","return"
"USD/TRY",2021-01-01,-0.000685986401327998
"USD/TRY",2021-01-04,0.00232888527474451
"USD/TRY",2021-01-05,0.00461994418658707
"USD/TRY",2021-01-06,0.0110141818539817
"USD/TRY",2021-01-07,-0.00139538724110633
"USD/TRY",2021-01-08,-0.007680717580969
"USD/TRY",2021-01-11,-0.0137425872430288
"USD/TRY",2021-01-12,0.00336427620201984
"USD/TRY",2021-01-13,0.00738468211462751
"USD/TRY",2021-01-14,0.0031835727578482
"USD/TRY",2021-01-15,-0.0139325310744955
"USD/TRY",2021-01-18,-0.000468224301368281
"USD/TRY",2021-01-19,0.00103038300553981
"USD/TRY",2021-01-20,0.00701332983506475
"USD/TRY",2021-01-21,0.00721223653315017
"USD/TRY",2021-01-22,-0.00636246409961649
"USD/TRY",2021-01-25,0.000891012978635253
"USD/TRY",2021-01-26,0.00828653474660235
"USD/TRY",2021-01-27,-0.00663741773165039
"USD/TRY",2021-01-28,0.00806839383322666
"USD/TRY",2021-01-29,0.00307329008551682
"USD/TRY",2021-02-01,0.0167748895001301
"USD/TRY",2021-02-02,-0.000472879007421101
"USD/TRY",2021-02-03,0.00483668452838626
"USD/TRY",2021-02-04,0.00331693830487856
"USD/TRY",2021-02-05,0.011916570881199
"USD/TRY",2021-02-08,-0.00259282231415048
"USD/TRY",2021-02-09,0.0012743184121875
"USD/TRY",2021-02-10,0.000751192375996856
"USD/TRY",2021-02-11,0.00416303180752142
"USD/TRY",2021-02-12,-0.00119527028758615
"USD/TRY",2021-02-15,0.0105073767151769
"USD/TRY",2021-02-16,-0.00400152563029277
"USD/TRY",2021-02-17,0.00252239474476945
"USD/TRY",2021-02-18,0.00149350210858645
"USD/TRY",2021-02-19,-5.74836531019862e-05
"USD/TRY",2021-02-22,-0.00797250360017432
"USD/TRY",2021-02-23,-0.0124112556294462
"USD/TRY",2021-02-24,-0.00880371290140225
"USD/TRY",2021-02-25,-0.0234090955233819
"USD/TRY",2021-02-26,-0.0119401571690234
"USD/TRY",2021-03-01,0.0198244527707936
"USD/TRY",2021-03-02,-0.00961434091909052
"USD/TRY",2021-03-03,-0.0147668469576991
"USD/TRY",2021-03-04,-0.00567020789829087
"USD/TRY",2021-03-05,-0.0047759458069363
"USD/TRY",2021-03-08,-0.0307121350966089
"USD/TRY",2021-03-09,0.0205710245768214
"USD/TRY",2021-03-10,0.0151171056728963
"USD/TRY",2021-03-11,0.00484003458454785
"USD/TRY",2021-03-12,-0.0129697286690926
"USD/TRY",2021-03-15,0.00357848521722692
"USD/TRY",2021-03-16,0.00544525153400421
"USD/TRY",2021-03-17,-0.00146741041779164
"USD/TRY",2021-03-18,0.0246149665386923
"USD/TRY",2021-03-19,0.014491112503884
"USD/TRY",2021-03-22,-0.0776256796960295
"USD/TRY",2021-03-23,-0.0181632523379682
"USD/TRY",2021-03-24,0.00258546357582823
"USD/TRY",2021-03-25,-0.00283734640126987
"USD/TRY",2021-03-26,-0.0241113433302145
"USD/TRY",2021-03-29,-0.00686024986246414
"USD/TRY",2021-03-30,-0.0169715128930323
"USD/TRY",2021-03-31,0.0105339705058185
"USD/TRY",2021-04-01,0.0171651255340195
"USD/TRY",2021-04-02,-0.00716857762285494
"USD/TRY",2021-04-05,0.00784751874770917
"USD/TRY",2021-04-06,-0.00351316564411475
"USD/TRY",2021-04-07,-0.000541285319780371
"USD/TRY",2021-04-08,0.000356723315651397
"USD/TRY",2021-04-09,-0.00310782426232059
"USD/TRY",2021-04-12,0.00138688617240978
"USD/TRY",2021-04-13,0.00338322368388111
"USD/TRY",2021-04-14,0.00573449924033653
"USD/TRY",2021-04-15,0.00782658675215409
"USD/TRY",2021-04-16,-0.00640022107549898
"USD/TRY",2021-04-19,-0.00366722829376398
"USD/TRY",2021-04-20,-0.00233455931618609
"USD/TRY",2021-04-21,-0.00901515581367818
"USD/TRY",2021-04-22,-0.0153247152308569
"USD/TRY",2021-04-23,-0.00854864897553531
"USD/TRY",2021-04-26,0.0124696785327236
"USD/TRY",2021-04-27,0.00907104537511616
"USD/TRY",2021-04-28,0.000390429599522957
"USD/TRY",2021-04-29,-0.00195062542801017
"USD/TRY",2021-04-30,-0.00764381300000672
"USD/TRY",2021-05-03,0.00331727464666276
"USD/TRY",2021-05-04,-0.00895795057226279
"USD/TRY",2021-05-05,0.000937905893389157
"USD/TRY",2021-05-06,0.00537985905900928
"USD/TRY",2021-05-07,0.00415720381767537
"USD/TRY",2021-05-10,-0.00398785990397466
"USD/TRY",2021-05-11,-0.00176460680564006
"USD/TRY",2021-05-12,-0.0162776604145365
"USD/TRY",2021-05-13,-0.00938907414115375
"USD/TRY",2021-05-14,0.00650621918786998
"USD/TRY",2021-05-17,0.0158331665795446
"USD/TRY",2021-05-18,-0.00419161930765721
"USD/TRY",2021-05-19,-0.00712970793312717
"USD/TRY",2021-05-20,0.00397060134257865
"USD/TRY",2021-05-21,-0.00436322712171977
"USD/TRY",2021-05-24,0.00333627552507076
"USD/TRY",2021-05-25,-0.00849743952055126
"USD/TRY",2021-05-26,0
"USD/TRY",2021-05-27,-0.00549957720073557
"USD/TRY",2021-05-28,-0.00606627811457905
"USD/TRY",2021-05-31,0.00793934595714818
"USD/TRY",2021-06-01,-0.0057962997875447
"USD/TRY",2021-06-02,-0.00613581313419687
"USD/TRY",2021-06-03,-0.0124935771229051
"USD/TRY",2021-06-04,0.00394309547718219
"USD/TRY",2021-06-07,0.00949469723015062
"USD/TRY",2021-06-08,-0.00272530508061886
"USD/TRY",2021-06-09,0.00223560052590788
"USD/TRY",2021-06-10,0.0184469308637447
"USD/TRY",2021-06-11,0.00477276744060307
"USD/TRY",2021-06-14,-0.00913280894353496
"USD/TRY",2021-06-15,-0.0104550442822084
"USD/TRY",2021-06-16,-0.00635581770724247
"USD/TRY",2021-06-17,-0.0123735786986132
"USD/TRY",2021-06-18,-0.00189275590063254
"USD/TRY",2021-06-21,-0.00429985224213336
"USD/TRY",2021-06-22,0.0136608338920583
"USD/TRY",2021-06-23,0.00140073069259694
"USD/TRY",2021-06-24,-0.00781204390640022
"USD/TRY",2021-06-25,-0.00565067150881449
"USD/TRY",2021-06-28,0.00758357284234901
"USD/TRY",2021-06-29,-0.00536379070517867
"USD/TRY",2021-06-30,0.00300569242435733
"USD/TRY",2021-07-01,0.00609642039142821
"USD/TRY",2021-07-02,-0.00327755630970739
"USD/TRY",2021-07-05,0.00185673233946293
"USD/TRY",2021-07-06,-0.00274351757098845
"USD/TRY",2021-07-07,0.000368438630351964
"USD/TRY",2021-07-08,-0.000690711114524678
"USD/TRY",2021-07-09,0.00503006402114758
"USD/TRY",2021-07-12,0.0013541276916551
"USD/TRY",2021-07-13,0.00211007231665139
"USD/TRY",2021-07-14,0.0038839516235587
"USD/TRY",2021-07-15,0.00254319482844068
"USD/TRY",2021-07-16,0.00545815801565119
"USD/TRY",2021-07-19,-0.00653222181555257
"USD/TRY",2021-07-20,0.000852151734565876
"USD/TRY",2021-07-21,0.000607455364870724
"USD/TRY",2021-07-22,0.000479215498350616
"USD/TRY",2021-07-23,0.000760202835326407
"USD/TRY",2021-07-26,-0.000795275172024379
"USD/TRY",2021-07-27,-0.000444143161652644
"USD/TRY",2021-07-28,0.00104054023944355
"USD/TRY",2021-07-29,0.0131048660227218
"USD/TRY",2021-07-30,0.00049790171026487
"USD/TRY",2021-08-02,0.010645436789912
"USD/TRY",2021-08-03,-0.00695085862163669
"USD/TRY",2021-08-04,-0.00835565368376612
"USD/TRY",2021-08-05,-0.0060364842324967
"USD/TRY",2021-08-06,-0.0107352256177169
"USD/TRY",2021-08-09,-0.00323293000544789
"USD/TRY",2021-08-10,0.00532425178544571
"USD/TRY",2021-08-11,-0.00308896695630168
"USD/TRY",2021-08-12,0.00872239041660938
"USD/TRY",2021-08-13,0.00382028730033035
"USD/TRY",2021-08-16,0.00755449936666119
"USD/TRY",2021-08-17,0.00291445228627518
"USD/TRY",2021-08-18,-0.00238195515805195
"USD/TRY",2021-08-19,-0.00535934798696314
"USD/TRY",2021-08-20,0.0010247893894717
"USD/TRY",2021-08-23,0.00786804738113744
"USD/TRY",2021-08-24,0.00271193058100438
"USD/TRY",2021-08-25,0.00330468384335036
"USD/TRY",2021-08-26,-0.00218446254210614
"USD/TRY",2021-08-27,0.00515246299751615
"USD/TRY",2021-08-30,-0.00376833018618017
"USD/TRY",2021-08-31,0.00844160078441991
"USD/TRY",2021-09-01,0.0016269474228352
"USD/TRY",2021-09-02,0.00218547651268874
"USD/TRY",2021-09-03,-0.00386058943217948
"USD/TRY",2021-09-06,0.0033530365511929
"USD/TRY",2021-09-07,-0.00813394129475276
"USD/TRY",2021-09-08,-0.0136871051993359
"USD/TRY",2021-09-09,0.00345762976056951
"USD/TRY",2021-09-10,-0.0029373814485103
"USD/TRY",2021-09-13,0.00424301961618223
"USD/TRY",2021-09-14,-0.000961589902611415
"USD/TRY",2021-09-15,0.000154266965222138
"USD/TRY",2021-09-16,-0.0115396787433575
"USD/TRY",2021-09-17,-0.0121500526880598
"USD/TRY",2021-09-20,-0.0037134124470577
"USD/TRY",2021-09-21,0.00467582620848939
"USD/TRY",2021-09-22,-0.00267623008466034
"USD/TRY",2021-09-23,-0.013685700209789
"USD/TRY",2021-09-24,-0.0131968719470956
"USD/TRY",2021-09-27,0.00723444929484707
"USD/TRY",2021-09-28,-0.00578046099746254
"USD/TRY",2021-09-29,-0.00510779203291722
"USD/TRY",2021-09-30,0.00279817907737057
"USD/TRY",2021-10-01,0.00349465448603148
"USD/TRY",2021-10-04,0.000350138082222617
"USD/TRY",2021-10-05,-0.0018847806763489
"USD/TRY",2021-10-06,-7.89252634540993e-05
"USD/TRY",2021-10-07,-2.25489311813654e-05
"USD/TRY",2021-10-08,-0.0102854909030405
"USD/TRY",2021-10-11,-0.00307514281018317
"USD/TRY",2021-10-12,-0.00499362964115013
"USD/TRY",2021-10-13,-0.00514503249280329
"USD/TRY",2021-10-14,-0.010342124215418
"USD/TRY",2021-10-15,-0.00832492448131283
"USD/TRY",2021-10-18,-0.00787019915674714
"USD/TRY",2021-10-19,0.00354522679369307
"USD/TRY",2021-10-20,0.00886415628017234
"USD/TRY",2021-10-21,-0.0315498414355639
"USD/TRY",2021-10-22,-0.0074106635037352
"USD/TRY",2021-10-25,-0.000563768494010297
"USD/TRY",2021-10-26,0.0049804964157758
"USD/TRY",2021-10-27,0.00574363574314285
"USD/TRY",2021-10-28,-0.00497762155016446
"USD/TRY",2021-10-29,-0.00802965232645203
"USD/TRY",2021-11-01,0.00736853690625416
"USD/TRY",2021-11-02,-0.0064725821857925
"USD/TRY",2021-11-03,-0.00359978332277278
"USD/TRY",2021-11-04,-0.00649047085346854
"USD/TRY",2021-11-05,0.00181763777851529
"USD/TRY",2021-11-08,-0.000516710426311295
"USD/TRY",2021-11-09,-0.00475153308632947
"USD/TRY",2021-11-10,-0.0115218188081312
"USD/TRY",2021-11-11,-0.00527176070617186
"USD/TRY",2021-11-12,-0.00857795342828904
"USD/TRY",2021-11-15,-0.00753039672298073
"USD/TRY",2021-11-16,-0.0283491275003653
"USD/TRY",2021-11-17,-0.0258537154265404
"USD/TRY",2021-11-18,-0.0354789616136579
"USD/TRY",2021-11-19,-0.0213736229290218
"USD/TRY",2021-11-22,-0.0130917393939725
"USD/TRY",2021-11-23,-0.119174495674436
"USD/TRY",2021-11-24,0.0589376601460843
"USD/TRY",2021-11-25,0.0152243189961552
"USD/TRY",2021-11-26,-0.0427594757066276
"USD/TRY",2021-11-29,-0.0300989207408726
"USD/TRY",2021-11-30,-0.0510620628127865
"USD/TRY",2021-12-01,0.0156866255042285
"USD/TRY",2021-12-02,-0.026119499586998
"USD/TRY",2021-12-03,-0.00626043158395495
"USD/TRY",2021-12-06,-0.00630127309635142
"USD/TRY",2021-12-07,0.0215631304197696
"USD/TRY",2021-12-08,-0.0132159703026287
"USD/TRY",2021-12-09,-0.00799167936195477
"USD/TRY",2021-12-10,-0.00691999247212705
"USD/TRY",2021-12-13,0.00593366320479882
"USD/TRY",2021-12-14,-0.0418997518057989
"USD/TRY",2021-12-15,-0.0275545230561338
"USD/TRY",2021-12-16,-0.0577998911525976
"USD/TRY",2021-12-17,-0.0465220464855451
"USD/TRY",2021-12-20,0.195044179698069
"USD/TRY",2021-12-21,0.0826977161950486
"USD/TRY",2021-12-22,0.0369150189978811
"USD/TRY",2021-12-23,0.0777461604446241
"USD/TRY",2021-12-24,0.0403290105142147
"USD/TRY",2021-12-27,-0.0925144579144552
"USD/TRY",2021-12-28,-0.0100265344041635
"USD/TRY",2021-12-29,-0.0686288956002916
"USD/TRY",2021-12-30,-0.0244070902229478
"USD/TRY",2021-12-31,-0.0280247702126033
"USD/TRY",2022-01-03,0.0150037429185121
"USD/TRY",2022-01-04,-0.0162570781170457
"USD/TRY",2022-01-05,-0.0232998802011157
"USD/TRY",2022-01-06,-0.0126693651152645
"USD/TRY",2022-01-07,-0.00360391981896724
"USD/TRY",2022-01-10,0.00459564945487667
"USD/TRY",2022-01-11,0.000739007300537775
"USD/TRY",2022-01-12,0.0456816876463946
"USD/TRY",2022-01-13,-0.0283550462866731
"USD/TRY",2022-01-14,0.00286541611630264
"USD/TRY",2022-01-17,0.00729651217253924
"USD/TRY",2022-01-18,-0.00795451150870763
"USD/TRY",2022-01-19,0.0115742290930783
"USD/TRY",2022-01-20,0.00161630709097738
"USD/TRY",2022-01-21,-0.00587650610093959
"USD/TRY",2022-01-24,-0.00102689277251233
"USD/TRY",2022-01-25,-0.00233263113524229
"USD/TRY",2022-01-26,-0.00585952181439309
"USD/TRY",2022-01-27,-0.0066830867310621
"USD/TRY",2022-01-28,0.00708151074801977
"USD/TRY",2022-01-31,0.0181179350308747
"USD/TRY",2022-02-01,-0.00466320146297283
"USD/TRY",2022-02-02,-0.00618148944138275
"USD/TRY",2022-02-03,-0.00758314319044739
"USD/TRY",2022-02-04,-0.000346677980200827
"USD/TRY",2022-02-07,-0.000899327039685982
"USD/TRY",2022-02-08,0.00112797349057736
"USD/TRY",2022-02-09,0.00236328162871358
"USD/TRY",2022-02-10,0.00416407939946239
"USD/TRY",2022-02-11,-0.00366116172683739
"USD/TRY",2022-02-14,-0.00495158285009811
"USD/TRY",2022-02-15,-0.000669642060882492
"USD/TRY",2022-02-16,-0.000250080909832917
"USD/TRY",2022-02-17,0.00174451387407659
"USD/TRY",2022-02-18,-0.00507052033960997
"USD/TRY",2022-02-21,-0.00280344941785327
"USD/TRY",2022-02-22,-0.00742073847392977
"USD/TRY",2022-02-23,-0.001833938515309
"USD/TRY",2022-02-24,-0.0140447807797988
"USD/TRY",2022-02-25,0.0132122829125008
"USD/TRY",2022-02-28,-0.00178572121527454
"USD/TRY",2022-03-01,-0.00516566171382804
"USD/TRY",2022-03-02,-0.00661789239753086
"USD/TRY",2022-03-03,-0.00616297487884943
"USD/TRY",2022-03-04,-0.00632969457155719
"USD/TRY",2022-03-07,-0.012756248921963
"USD/TRY",2022-03-08,-0.00759985351772308
"USD/TRY",2022-03-09,-0.0111013024396507
"USD/TRY",2022-03-10,-0.0119047003871349
"USD/TRY",2022-03-11,0.00362498114431364
"USD/TRY",2022-03-14,-0.00107669242394781
"USD/TRY",2022-03-15,0.00510253654942439
"USD/TRY",2022-03-16,0.00631231218480588
"USD/TRY",2022-03-17,-0.00628510130045035
"USD/TRY",2022-03-18,-0.00611062712467181
"USD/TRY",2022-03-21,-0.0017429139440619
"USD/TRY",2022-03-22,6.74982450710182e-05
"USD/TRY",2022-03-23,-0.000856889409123429
"USD/TRY",2022-03-24,0.0011404318006103
"USD/TRY",2022-03-25,-0.00122135977475768
"USD/TRY",2022-03-28,0.00161980516768612
"USD/TRY",2022-03-29,0.0162135715688247
"USD/TRY",2022-03-30,-0.00573644134872708
"USD/TRY",2022-03-31,-0.00134377908578198
"USD/TRY",2022-04-01,-0.000851716259647084
"USD/TRY",2022-04-04,0.000292908549914817
"USD/TRY",2022-04-05,-0.00258552793518607
"USD/TRY",2022-04-06,0.000904174560479198
"USD/TRY",2022-04-07,-0.00202475982693073
"USD/TRY",2022-04-08,-0.000773489698228769
"USD/TRY",2022-04-11,0.00563163356631291
"USD/TRY",2022-04-12,0.00433368644565801
"USD/TRY",2022-04-13,0.00048648964428244
"USD/TRY",2022-04-14,-0.000349474250388671
"USD/TRY",2022-04-15,-0.00219683292851025
"USD/TRY",2022-04-18,-0.000457920842374726
"USD/TRY",2022-04-19,-0.000416730719426273
"USD/TRY",2022-04-20,-0.00205378811739054
"USD/TRY",2022-04-21,-0.00205638095071725
"USD/TRY",2022-04-22,-0.00222864029733483
"USD/TRY",2022-04-25,-0.00246067619864032
"USD/TRY",2022-04-26,-0.0018128201073786
"USD/TRY",2022-04-27,9.46182492276293e-05
"USD/TRY",2022-04-28,0.000459701742793417
"USD/TRY",2022-04-29,-0.00356391111064447
"USD/TRY",2022-05-02,-0.00158213499998361
"USD/TRY",2022-05-03,0.00463227570061386
"USD/TRY",2022-05-04,0.00461988452349793
"USD/TRY",2022-05-05,-0.00820890544409902
"USD/TRY",2022-05-06,-0.00652430124367065
"USD/TRY",2022-05-09,-0.00915060828801906
"USD/TRY",2022-05-10,-0.0108464151274617
"USD/TRY",2022-05-11,-0.00316247722298568
"USD/TRY",2022-05-12,-0.00427925348703972
"USD/TRY",2022-05-13,-0.00741260548108968
"USD/TRY",2022-05-16,-0.0040237091706401
"USD/TRY",2022-05-17,-0.0226385867496459
"USD/TRY",2022-05-18,-0.0020174538539055
"USD/TRY",2022-05-19,0.0057235662411812
"USD/TRY",2022-05-20,-0.0037061123872757
"USD/TRY",2022-05-23,-0.00197978173942825
"USD/TRY",2022-05-24,-0.0102943004156888
"USD/TRY",2022-05-25,-0.0152270770670597
"USD/TRY",2022-05-26,-0.000208078336124018
"USD/TRY",2022-05-27,0.00990094920531837
"USD/TRY",2022-05-30,-0.0122174841198031
"USD/TRY",2022-05-31,0.000293090396060069
"USD/TRY",2022-06-01,-0.000354140084420695
"USD/TRY",2022-06-02,-0.00435542084736884
"USD/TRY",2022-06-03,0.00240379611072195
"USD/TRY",2022-06-06,-0.00932721519810809
"USD/TRY",2022-06-07,-0.0103229590129428
"USD/TRY",2022-06-08,-0.0229916907031984
"USD/TRY",2022-06-09,-0.00370061059811766
"USD/TRY",2022-06-10,0.00696382863796341
"USD/TRY",2022-06-13,-0.0103030013617342
"USD/TRY",2022-06-14,-0.000724434031398324
"USD/TRY",2022-06-15,0.00207037610382077
"USD/TRY",2022-06-16,-0.00431568244915415
"USD/TRY",2022-06-17,-0.00147868354817815
"USD/TRY",2022-06-20,0.000207807801622106
"USD/TRY",2022-06-21,-0.00096940049021832
"USD/TRY",2022-06-22,9.80513732300459e-05
"USD/TRY",2022-06-23,-0.000933981422858832
"USD/TRY",2022-06-24,0.0272920511793013
"USD/TRY",2022-06-27,0.021737578766472
"USD/TRY",2022-06-28,-0.00905534246727324
"USD/TRY",2022-06-29,0.00218553074084982
"USD/TRY",2022-06-30,-0.00339033210936845
"USD/TRY",2022-07-01,-0.00406521636170876
"USD/TRY",2022-07-04,-0.00210978086482916
"USD/TRY",2022-07-05,-0.00972236051945119
"USD/TRY",2022-07-06,-0.0145741899428109
"USD/TRY",2022-07-07,-0.00345136961599435
"USD/TRY",2022-07-08,5.79079032867469e-05
"USD/TRY",2022-07-11,-0.00503700832177945
"USD/TRY",2022-07-12,0.00320295753618183
"USD/TRY",2022-07-13,-0.00561426826432321
"USD/TRY",2022-07-14,-0.0004195149204822
"USD/TRY",2022-07-15,0.000557476084633635
"USD/TRY",2022-07-18,-0.00206168470685419
"USD/TRY",2022-07-19,-0.00716267056699404
"USD/TRY",2022-07-20,-0.00268490132733001
"USD/TRY",2022-07-21,-0.00594703807018382
"USD/TRY",2022-07-22,-0.000502460088988688
"USD/TRY",2022-07-25,-0.00285189511658013
"USD/TRY",2022-07-26,-0.00512532313114145
"USD/TRY",2022-07-27,-0.0003303073848131
"USD/TRY",2022-07-28,-0.00222532940589515
"USD/TRY",2022-07-29,-0.00036296323580931
"USD/TRY",2022-08-01,0.000709297127483577
"USD/TRY",2022-08-02,-0.00148503823629431
"USD/TRY",2022-08-03,-0.000635770474819441
"USD/TRY",2022-08-04,0.00094822688690277
"USD/TRY",2022-08-05,0.000535866805269514
"USD/TRY",2022-08-08,-2.79168190480128e-05
"USD/TRY",2022-08-09,0.00111169158938207
"USD/TRY",2022-08-10,0.00111292882312108
"USD/TRY",2022-08-11,-0.00350795234105128
"USD/TRY",2022-08-12,6.69157419532773e-05
"USD/TRY",2022-08-15,-0.000980982398691932
"USD/TRY",2022-08-16,0.00225881661596494
"USD/TRY",2022-08-17,-0.00141723696038731
"USD/TRY",2022-08-18,-0.00403980250267066
"USD/TRY",2022-08-19,-0.00429452762268046
"USD/TRY",2022-08-22,0.00204799008841272
"USD/TRY",2022-08-23,-0.00272788055827267
"USD/TRY",2022-08-24,-0.00227950832646329
"USD/TRY",2022-08-25,-0.001470916613036
"USD/TRY",2022-08-26,0.00121183425922933
"USD/TRY",2022-08-29,-0.00186671493201152
"USD/TRY",2022-08-30,0.000671395813037545
"USD/TRY",2022-08-31,-0.00119939054535667
"USD/TRY",2022-09-01,-0.00068707558610237
"USD/TRY",2022-09-02,0.00118756370995676
"USD/TRY",2022-09-05,-0.00181925658541759
"USD/TRY",2022-09-06,-0.000208645616179393
"USD/TRY",2022-09-07,-0.000153711023578751
"USD/TRY",2022-09-08,-0.00058717813213871
"USD/TRY",2022-09-09,-0.000290717608289359
"USD/TRY",2022-09-12,0.000998666698453388
"USD/TRY",2022-09-13,-0.00152503444426433
"USD/TRY",2022-09-14,0.000542821203093791
"USD/TRY",2022-09-15,-0.00168233506082549
"USD/TRY",2022-09-16,0.000520289950150854
"USD/TRY",2022-09-19,-0.00142330855623163
"USD/TRY",2022-09-20,-0.00115904643146703
"USD/TRY",2022-09-21,-0.00117407759667643
"USD/TRY",2022-09-22,9.82420138218032e-05
"USD/TRY",2022-09-23,-0.00500350853164688
"USD/TRY",2022-09-26,-0.0010638934070486
"USD/TRY",2022-09-27,-2.71253380512704e-05
"USD/TRY",2022-09-28,-0.00383353836817513
"USD/TRY",2022-09-29,0.00042702587939214
"USD/TRY",2022-09-30,-0.000210833034532953
"USD/TRY",2022-10-03,-0.00231084146155025
"USD/TRY",2022-10-04,-0.0012934660220596
"USD/TRY",2022-10-05,0.00967676162390729
"USD/TRY",2022-10-06,-0.00995140774948844
"USD/TRY",2022-10-07,0.000533205520268698
"USD/TRY",2022-10-10,-0.000630121440399645
"USD/TRY",2022-10-11,-0.000742710172672467
"USD/TRY",2022-10-12,0.00163684663652175
"USD/TRY",2022-10-13,0.0019040484299544
"USD/TRY",2022-10-14,-0.00197948840671147
"USD/TRY",2022-10-17,-0.0001347000904528
"USD/TRY",2022-10-18,-0.000990834859363687
"USD/TRY",2022-10-19,-0.00050042914187598
"USD/TRY",2022-10-20,0.000102217858624964
"USD/TRY",2022-10-21,-8.60788913570332e-05
"USD/TRY",2022-10-24,-0.000817380127246636
"USD/TRY",2022-10-25,0.000758205187278094
"USD/TRY",2022-10-26,-8.6066389514361e-05
"USD/TRY",2022-10-27,-0.000338814421676936
"USD/TRY",2022-10-28,0.000866087356814482
"USD/TRY",2022-10-31,-0.00057568202422198
"USD/TRY",2022-11-01,0.00141558839173905
"USD/TRY",2022-11-02,-0.00302251518167607
"USD/TRY",2022-11-03,0.000402832725132196
"USD/TRY",2022-11-04,0.00261968245654387
"USD/TRY",2022-11-07,0.00662547548042181
"USD/TRY",2022-11-08,-0.00461437330666659
"USD/TRY",2022-11-09,-0.00308777771933633
"USD/TRY",2022-11-10,0.00571422417919099
"USD/TRY",2022-11-11,-0.00489605650607583
"USD/TRY",2022-11-14,-0.000758980633983608
"USD/TRY",2022-11-15,-0.000935821036064155
"USD/TRY",2022-11-16,0.000537721150774662
"USD/TRY",2022-11-17,0.00172804125699555
"USD/TRY",2022-11-18,-0.00156128897250651
"USD/TRY",2022-11-21,-0.00123115978422783
"USD/TRY",2022-11-22,0.000198818374696597
"USD/TRY",2022-11-23,0.000102111285266826
"USD/TRY",2022-11-24,0.000408549440164219
"USD/TRY",2022-11-25,0.000726124651025284
"USD/TRY",2022-11-28,-0.0016934714020107
"USD/TRY",2022-11-29,-0.00111665872987299
"USD/TRY",2022-11-30,0.00257340935906836
"USD/TRY",2022-12-01,-0.00224605691294189
"USD/TRY",2022-12-02,5.36745604180489e-05
"USD/TRY",2022-12-05,0.000408020836197842
"USD/TRY",2022-12-06,-6.98048417993036e-05
"USD/TRY",2022-12-07,-0.000617292253797252
"USD/TRY",2022-12-08,0.000166363009836967
"USD/TRY",2022-12-09,-0.000960230958347186
"USD/TRY",2022-12-12,0.000954863977622455
"USD/TRY",2022-12-13,0.00309077716988915
"USD/TRY",2022-12-14,-0.00259152469613744
"USD/TRY",2022-12-15,-0.000730005400105593
"USD/TRY",2022-12-16,0.000134152198553394
"USD/TRY",2022-12-19,-0.000445316007348318
"USD/TRY",2022-12-20,-0.00028425470485427
"USD/TRY",2022-12-21,-0.00144683703848658
"USD/TRY",2022-12-22,0.00174181991821021
"USD/TRY",2022-12-23,-0.00114190453113583
"USD/TRY",2022-12-26,0.000101807075679972
"USD/TRY",2022-12-27,-0.000273248199467613
"USD/TRY",2022-12-28,-0.00261084182054816
"USD/TRY",2022-12-29,0.00115477775343997
"USD/TRY",2022-12-30,0.00031030645686414
"USD/TRY",2023-01-02,-0.00126736968271901
"USD/TRY",2023-01-03,6.41320264871403e-05
"USD/TRY",2023-01-04,-0.00149000681780942
"USD/TRY",2023-01-05,-0.00122132371455885
"USD/TRY",2023-01-06,0.000490483562640254
"USD/TRY",2023-01-09,-0.000682346445222137
"USD/TRY",2023-01-10,-0.000458190156928051
"USD/TRY",2023-01-11,-8.52215227471476e-05
"USD/TRY",2023-01-12,0.000239704046553157
"USD/TRY",2023-01-13,-0.000516623848088038
"USD/TRY",2023-01-16,-0.000798377738928657
"USD/TRY",2023-01-17,0.00465552423495197
"USD/TRY",2023-01-18,-0.00269569999178509
"USD/TRY",2023-01-19,5.33097349033618e-05
"USD/TRY",2023-01-20,-5.33110137856951e-06
"USD/TRY",2023-01-23,-0.00251843032124555
"USD/TRY",2023-01-24,-0.000946099007007373
"USD/TRY",2023-01-25,0.00253735012442746
"USD/TRY",2023-01-26,-0.00111786573831507
"USD/TRY",2023-01-27,-0.000616952381273794
"USD/TRY",2023-01-30,0.00121299192911239
"USD/TRY",2023-01-31,-0.00113323502810436
"USD/TRY",2023-02-01,0.000531875298421802
"USD/TRY",2023-02-02,0.000234114781160866
"USD/TRY",2023-02-03,-0.00141449508569913
"USD/TRY",2023-02-06,0.000260414592128999
"USD/TRY",2023-02-07,-4.78363359581735e-05
"USD/TRY",2023-02-08,-0.000456987398289144
"USD/TRY",2023-02-09,0.000175330937592921
"USD/TRY",2023-02-10,0.000488963778589646
"USD/TRY",2023-02-13,-0.000961755676625486
"USD/TRY",2023-02-14,-0.000143387068324952
"USD/TRY",2023-02-15,-0.000233623771219271
"USD/TRY",2023-02-16,-0.000111483016209224
"USD/TRY",2023-02-17,0.00070626909663174
"USD/TRY",2023-02-20,-0.00254659610161978
"USD/TRY",2023-02-21,0.000630739284429804
"USD/TRY",2023-02-22,0.000747861866057242
"USD/TRY",2023-02-23,-0.00134680869165571
"USD/TRY",2023-02-24,0.000238475664688931
"USD/TRY",2023-02-27,-0.000619918476732817
"USD/TRY",2023-02-28,0.000169512176147357
"USD/TRY",2023-03-01,-0.000180105733146085
"USD/TRY",2023-03-02,0.000826634637490109
"USD/TRY",2023-03-03,0.00235647635542557
"USD/TRY",2023-03-06,-0.00413078014203228
"USD/TRY",2023-03-07,0.000386371159288856
"USD/TRY",2023-03-08,-0.00188281144478086
"USD/TRY",2023-03-09,-0.00117232069528761
"USD/TRY",2023-03-10,-0.000379917161522858
"USD/TRY",2023-03-13,-0.000595968004137859
"USD/TRY",2023-03-14,-0.000437520268647962
"USD/TRY",2023-03-15,5.27018943685675e-06
"USD/TRY",2023-03-16,-7.90499253389143e-05
"USD/TRY",2023-03-17,-0.00175856159215959
"USD/TRY",2023-03-20,0.000589352728870285
"USD/TRY",2023-03-21,-0.000878639901001677
"USD/TRY",2023-03-22,-0.00116156545814006
"USD/TRY",2023-03-23,0.00170865171151435
"USD/TRY",2023-03-24,-0.00216029918208838
"USD/TRY",2023-03-27,-0.00231280668447242
"USD/TRY",2023-03-28,-0.00113608711399893
"USD/TRY",2023-03-29,-5.75553119785965e-05
"USD/TRY",2023-03-30,-0.00287355018238733
"USD/TRY",2023-03-31,0.000490531192485655
"USD/TRY",2023-04-03,-0.000871309706573342
"USD/TRY",2023-04-04,-0.00163101145817501
"USD/TRY",2023-04-05,-0.00172711614607524
"USD/TRY",2023-04-06,-0.000311811418981733
"USD/TRY",2023-04-07,0.000888918982369979
"USD/TRY",2023-04-10,-0.00220265550495569
"USD/TRY",2023-04-11,-0.000498041565637042
"USD/TRY",2023-04-12,-0.00117667501842167
"USD/TRY",2023-04-13,-0.000528275710049542
"USD/TRY",2023-04-14,-0.00162451080534742
"USD/TRY",2023-04-17,-0.00214300365768105
"USD/TRY",2023-04-18,2.06335532535462e-05
"USD/TRY",2023-04-19,1.03169362826172e-05
"USD/TRY",2023-04-20,-0.000799247203285169
"USD/TRY",2023-04-21,0.0013874885849674
"USD/TRY",2023-04-24,-0.00189764140998827
"USD/TRY",2023-04-25,-0.000700391939104872
"USD/TRY",2023-04-26,0.00140643014087738
"USD/TRY",2023-04-27,-0.00190052926927153
"USD/TRY",2023-04-28,-0.000704698102044876
"USD/TRY",2023-05-01,0.00100833427619484
"USD/TRY",2023-05-02,-0.000920916969055163
"USD/TRY",2023-05-03,-0.000616899994374087
"USD/TRY",2023-05-04,-0.00177147055236793
"USD/TRY",2023-05-05,-0.0012612217063861
"USD/TRY",2023-05-08,0.00091243220756887
"USD/TRY",2023-05-09,-0.000112817620180561
"USD/TRY",2023-05-10,-0.0018545372303489
"USD/TRY",2023-05-11,-0.000133066518101632
"USD/TRY",2023-05-12,-0.00100254737249061
"USD/TRY",2023-05-15,-0.00469244969973071
"USD/TRY",2023-05-16,-0.00360128287952799
"USD/TRY",2023-05-17,-0.000978079444298618
"USD/TRY",2023-05-18,-0.0021352717427674
"USD/TRY",2023-05-19,-8.08685280349053e-05
"USD/TRY",2023-05-22,-0.00226166773169556
"USD/TRY",2023-05-23,-0.000756113211043186
"USD/TRY",2023-05-24,-0.0022096119521029
"USD/TRY",2023-05-25,-0.00211945355270293
"USD/TRY",2023-05-26,5.01720902801317e-05
"USD/TRY",2023-05-29,-0.00804545751180141
"USD/TRY",2023-05-30,-0.01867296166064
"USD/TRY",2023-05-31,-0.01583346015848
"USD/TRY",2023-06-01,-7.21221460979748e-05
"USD/TRY",2023-06-02,-0.00766808442432465
"USD/TRY",2023-06-05,-0.0142169579592855
"USD/TRY",2023-06-06,-0.0146112067065198
"USD/TRY",2023-06-07,-0.074732928728328
"USD/TRY",2023-06-08,0.00534425019538576
"USD/TRY",2023-06-09,-0.0105573887836843
"USD/TRY",2023-06-12,-0.0107900706556152
"USD/TRY",2023-06-13,-2.96344589507669e-05
"USD/TRY",2023-06-14,0.00310368323632337
"USD/TRY",2023-06-15,-0.00463078536032979
"USD/TRY",2023-06-16,0.00178537478939722
"USD/TRY",2023-06-19,0.000292224913618355
"USD/TRY",2023-06-20,0.00245551883274642
"USD/TRY",2023-06-21,0.000989848820887929
"USD/TRY",2023-06-22,-0.0562122564967633
"USD/TRY",2023-06-23,-0.0137789561276529
"USD/TRY",2023-06-26,-0.0266191247373198
"USD/TRY",2023-06-27,-0.00337859633994642
"USD/TRY",2023-06-28,-0.00179444615342339
"USD/TRY",2023-06-29,0.000944852926744399
"USD/TRY",2023-06-30,-0.000868068946916267
"USD/TRY",2023-07-03,0.00539730290828455
"USD/TRY",2023-07-04,-0.00349501824868481
"USD/TRY",2023-07-05,-0.00294220662486966
"USD/TRY",2023-07-06,-0.000348956489434116
"USD/TRY",2023-07-07,0.00103955895240615
"USD/TRY",2023-07-10,-0.00153402496794319
"USD/TRY",2023-07-11,0.00395489635703239
"USD/TRY",2023-07-12,-0.00539473730425755
"USD/TRY",2023-07-13,0.00499469729492219
"USD/TRY",2023-07-14,-0.00355868846273699
"USD/TRY",2023-07-17,-0.00914742867161422
"USD/TRY",2023-07-18,-0.0219185622210176
"USD/TRY",2023-07-19,0.00540488499211467
"USD/TRY",2023-07-20,0.0017906781135224
"USD/TRY",2023-07-21,-0.00920700898121085
"USD/TRY",2023-07-24,0.00190000539581892
"USD/TRY",2023-07-25,0.00111124543383623
"USD/TRY",2023-07-26,-0.00096265536755169
"USD/TRY",2023-07-27,-0.000798412130743387
"USD/TRY",2023-07-28,0.00144503595943535
"USD/TRY",2023-07-31,0.000178452593427192
"USD/TRY",2023-08-01,6.32095974686386e-05
"USD/TRY",2023-08-02,-0.0023249691996905
"USD/TRY",2023-08-03,-0.000393150288614752
"USD/TRY",2023-08-04,0.00110937769359065
"USD/TRY",2023-08-07,-0.00139116392352401
"USD/TRY",2023-08-08,-0.000177929347691119
"USD/TRY",2023-08-09,-0.000359468953350373
"USD/TRY",2023-08-10,-0.000351932017776502
"USD/TRY",2023-08-11,0.00502769254709312
"USD/TRY",2023-08-14,-0.00558312263087535
"USD/TRY",2023-08-15,-0.00112472633652594
"USD/TRY",2023-08-16,0.000218186794647579
"USD/TRY",2023-08-17,0.000236731041353799
"USD/TRY",2023-08-18,3.6994288086234e-05
"USD/TRY",2023-08-21,-0.00399855063976151
"USD/TRY",2023-08-22,-0.00175239710859021
"USD/TRY",2023-08-23,0.000272229969786153
"USD/TRY",2023-08-24,0.0527598862821699
"USD/TRY",2023-08-25,-0.0292058236553032
"USD/TRY",2023-08-28,0.00163997812418737
"USD/TRY",2023-08-29,-0.00193752487229482
"USD/TRY",2023-08-30,-0.00497360213249687
"USD/TRY",2023-08-31,0.00137240586252219
"USD/TRY",2023-09-01,0.000716949504540931
"USD/TRY",2023-09-04,-0.00406216715048435
"USD/TRY",2023-09-05,-0.000938245922884828
"USD/TRY",2023-09-06,-0.00103441395861026
"USD/TRY",2023-09-07,0.000358376112095549
"USD/TRY",2023-09-08,-0.00149611541651007
"USD/TRY",2023-09-11,0.000675026830909253
"USD/TRY",2023-09-12,-0.00166622906140601
"USD/TRY",2023-09-13,-0.00268174954150346
"USD/TRY",2023-09-14,0.00219396190934917
"USD/TRY",2023-09-15,-0.00210480985674977
"USD/TRY",2023-09-18,-0.00344884193870865
"USD/TRY",2023-09-19,0.00252427570417124
"USD/TRY",2023-09-20,-0.00135745116774721
"USD/TRY",2023-09-21,-0.00486203347394376
"USD/TRY",2023-09-22,0.000306183243839797
"USD/TRY",2023-09-25,-0.00283322316464796
"USD/TRY",2023-09-26,-0.00259773331391777
"USD/TRY",2023-09-27,0.0155730500480815
"USD/TRY",2023-09-28,-0.0196525808110879
"USD/TRY",2023-09-29,-0.000306939016550878
"USD/TRY",2023-10-02,-0.00193082313390391
"USD/TRY",2023-10-03,-0.00142837906932636
"USD/TRY",2023-10-04,-0.00113177965306921
"USD/TRY",2023-10-05,-0.000447263789452812
"USD/TRY",2023-10-06,-0.00122803718437092
"USD/TRY",2023-10-09,-0.00451042780405952
"USD/TRY",2023-10-10,-0.00144482596923989
"USD/TRY",2023-10-11,0.000256304274284247
"USD/TRY",2023-10-12,0.000104706559961532
"USD/TRY",2023-10-13,-0.00238747088495384
"USD/TRY",2023-10-16,-0.0033803011164717
"USD/TRY",2023-10-17,-0.00227705171906933
"USD/TRY",2023-10-18,-0.00282922045417422
"USD/TRY",2023-10-19,0.00146189711620659
"USD/TRY",2023-10-20,0.000307663690241267
"USD/TRY",2023-10-23,-0.00394593340406146
"USD/TRY",2023-10-24,-0.00149573742798426
"USD/TRY",2023-10-25,-0.000466070271197161
"USD/TRY",2023-10-26,-0.000508515873629989
"USD/TRY",2023-10-27,-0.00125773219781866
"USD/TRY",2023-10-30,-0.00231591183884694
"USD/TRY",2023-10-31,-0.00163881949672451
"USD/TRY",2023-11-01,-0.00131830787970122
"USD/TRY",2023-11-02,-0.000127144234709942
"USD/TRY",2023-11-03,-0.00216603016939487
"USD/TRY",2023-11-06,0.000553408321946058
"USD/TRY",2023-11-07,-0.00304523550728408
"USD/TRY",2023-11-08,0.000559064864325887
"USD/TRY",2023-11-09,0.000752945848102815
"USD/TRY",2023-11-10,-0.00400800731848472
"USD/TRY",2023-11-13,-0.00123674153679554
"USD/TRY",2023-11-14,-0.00204619575305109
"USD/TRY",2023-11-15,-0.0012710785973713
"USD/TRY",2023-11-16,0.00395472345488646
"USD/TRY",2023-11-17,-0.0039268050185961
"USD/TRY",2023-11-20,-0.0012381311035945
"USD/TRY",2023-11-21,-0.00274283658558883
"USD/TRY",2023-11-22,-0.00206260815872517
"USD/TRY",2023-11-23,0.0016768479195659
"USD/TRY",2023-11-24,-0.00280011633238386
"USD/TRY",2023-11-27,-0.000751607592329062
"USD/TRY",2023-11-28,-0.000266563735409342
"USD/TRY",2023-11-29,0.000391215317087745
"USD/TRY",2023-11-30,0.000814079814384083
"USD/TRY",2023-12-01,-0.00115337270356752
"USD/TRY",2023-12-04,-0.00141133030908458
"USD/TRY",2023-12-05,0.0019688008615506
"USD/TRY",2023-12-06,-1.38539653518066e-05
"USD/TRY",2023-12-07,-0.00167145706536198
"USD/TRY",2023-12-08,0.00226388543263756
"USD/TRY",2023-12-11,-0.00303465165731787
"USD/TRY",2023-12-12,0.0013933429514279
"USD/TRY",2023-12-13,-0.00147280523366078
"USD/TRY",2023-12-14,-0.000745946540555487
"USD/TRY",2023-12-15,0.000559407733033535
"USD/TRY",2023-12-18,-0.00298334207031825
"USD/TRY",2023-12-19,-0.0011186126241074
"USD/TRY",2023-12-20,-0.00143000069055921
"USD/TRY",2023-12-21,0.000209559702093021
"USD/TRY",2023-12-22,-0.00317646801274574
"USD/TRY",2023-12-25,-0.00164942564164239
"USD/TRY",2023-12-26,0.00216671457959716
"USD/TRY",2023-12-27,-0.00649632384862375
"USD/TRY",2023-12-28,-0.00122825268449311
"USD/TRY",2023-12-29,-0.00228237710735257
"USD/TRY",2024-01-01,-0.00202667278289681
"USD/TRY",2024-01-02,-0.00474893399935006
"USD/TRY",2024-01-03,-0.000528889327922055
"USD/TRY",2024-01-04,-0.00189429363007232
"USD/TRY",2024-01-05,-0.00239049824090065
"USD/TRY",2024-01-08,-0.00187281343529744
"USD/TRY",2024-01-09,0.000344816622908084
"USD/TRY",2024-01-10,-0.00287874857978831
"USD/TRY",2024-01-11,-0.0004105741252447
"USD/TRY",2024-01-12,-0.00331180189351743
"USD/TRY",2024-01-15,-0.000355848811246062
"USD/TRY",2024-01-16,0.00191376152373302
"USD/TRY",2024-01-17,-0.00245560570194314
"USD/TRY",2024-01-18,-0.000647833021276689
"USD/TRY",2024-01-19,-0.00303755054336197
"USD/TRY",2024-01-22,-0.000579269772193136
"USD/TRY",2024-01-23,3.30920919857647e-05
"USD/TRY",2024-01-24,-0.000340796109620012
"USD/TRY",2024-01-25,-0.000205083423362673
"USD/TRY",2024-01-26,-0.00130889638412812
"USD/TRY",2024-01-29,-0.00125440295322177
"USD/TRY",2024-01-30,-0.000382609732849648
"USD/TRY",2024-01-31,0.000290242255372775
"USD/TRY",2024-02-01,0.00148881518164101
"USD/TRY",2024-02-02,-0.00425259010066315
"USD/TRY",2024-02-05,-0.00443437873276009
"USD/TRY",2024-02-06,0.00678590287214931
"USD/TRY",2024-02-07,-0.00698238518446148
"USD/TRY",2024-02-08,-0.0009654769141898
"USD/TRY",2024-02-09,0.000379533963029921
"USD/TRY",2024-02-12,-0.00268961881665097
"USD/TRY",2024-02-13,-0.00242848717104005
"USD/TRY",2024-02-14,-0.000654193615814425
"USD/TRY",2024-02-15,0.000550014740591465
"USD/TRY",2024-02-16,-0.00325662255897097
"USD/TRY",2024-02-19,0.000197954578184056
"USD/TRY",2024-02-20,-0.00278722336583126
"USD/TRY",2024-02-21,-0.000245939571298592
"USD/TRY",2024-02-22,0.000854576405492136
"USD/TRY",2024-02-23,-0.00277470733155649
"USD/TRY",2024-02-26,-0.00251257629187585
"USD/TRY",2024-02-27,-0.000982025788675234
"USD/TRY",2024-02-28,-0.00308468666749118
"USD/TRY",2024-02-29,-0.000602971899893667
"USD/TRY",2024-03-01,-0.00389131698008649
"USD/TRY",2024-03-04,-0.00807021644798844
"USD/TRY",2024-03-05,-0.00190860592063125
"USD/TRY",2024-03-06,-0.00300585926398078
"USD/TRY",2024-03-07,-0.00446994545798951
"USD/TRY",2024-03-08,0.000665607579847904
"USD/TRY",2024-03-11,-0.00328605229784351
"USD/TRY",2024-03-12,-0.00259486238083362
"USD/TRY",2024-03-13,0.00376631784445225
"USD/TRY",2024-03-14,-0.00739096125783023
"USD/TRY",2024-03-15,0.000924391391485369
"USD/TRY",2024-03-18,-0.0040894768647961
"USD/TRY",2024-03-19,-0.00347655227620125
"USD/TRY",2024-03-20,0.00627771805044164
"USD/TRY",2024-03-21,0.00393860776003407
"USD/TRY",2024-03-22,0.000505913262282665
"USD/TRY",2024-03-25,-0.00316243764821289
"USD/TRY",2024-03-26,-0.00183859323231728
"USD/TRY",2024-03-27,-0.00224155475138454
"USD/TRY",2024-03-28,-0.00181563603317958
"USD/TRY",2024-03-29,-0.00128382628750145
"USD/TRY",2024-04-01,0.00841345519588632
"USD/TRY",2024-04-02,0.000979435062841372
"USD/TRY",2024-04-03,0.00297224407423125
"USD/TRY",2024-04-04,0.00245068973839402
"USD/TRY",2024-04-05,-0.00522942871690724
"USD/TRY",2024-04-08,0.00190583963032331
"USD/TRY",2024-04-09,-0.00915846829874845
"USD/TRY",2024-04-10,-0.000226186511882442
"USD/TRY",2024-04-11,-0.000672060727552548
"USD/TRY",2024-04-12,-0.00146025171973019
"USD/TRY",2024-04-15,-0.00168344747941829
"USD/TRY",2024-04-16,0.000481578103677993
"USD/TRY",2024-04-17,0.000126607099739218
"USD/TRY",2024-04-18,-0.00433872244774447
"USD/TRY",2024-04-19,0.000870548300424101
"USD/TRY",2024-04-22,0.000243150617615928
"USD/TRY",2024-04-23,-0.000163132890568907
"USD/TRY",2024-04-24,-0.00147007290725121
"USD/TRY",2024-04-25,0.000740917264831609
"USD/TRY",2024-04-26,0.00343814457241276
"USD/TRY",2024-04-29,-0.000361005821668314
"USD/TRY",2024-04-30,0.000450506055508892
"USD/TRY",2024-05-01,-0.00172070375433497
"USD/TRY",2024-05-02,0.00479015831495389
"USD/TRY",2024-05-03,-0.00102729138312174
"USD/TRY",2024-05-06,0.00223539885955448
"USD/TRY",2024-05-07,0.00033791167806374
"USD/TRY",2024-05-08,0.000856140533780358
"USD/TRY",2024-05-09,-0.000437467720463491
"USD/TRY",2024-05-10,0.00121359049857706
"USD/TRY",2024-05-13,-0.00232966204299823
"USD/TRY",2024-05-14,0.000251007517598545
"USD/TRY",2024-05-15,0.00328750069079664
"USD/TRY",2024-05-16,-0.00346414217876312
"USD/TRY",2024-05-17,0.00226150742497166
"USD/TRY",2024-05-20,0.00205187585397093
"USD/TRY",2024-05-21,0.000314370957202659
"USD/TRY",2024-05-22,-0.00197485007899934
"USD/TRY",2024-05-23,0.000857880900424046
"USD/TRY",2024-05-24,-0.00129896784518957
"USD/TRY",2024-05-27,0.00224162012765872
"USD/TRY",2024-05-28,-0.00327213525909853
"USD/TRY",2024-05-29,0.00158345785693559
"USD/TRY",2024-05-30,-0.000674052275442261
"USD/TRY",2024-05-31,-0.000869074056351504
"USD/TRY",2024-06-03,0.00200000066666695
"USD/TRY",2024-06-04,-0.012563821482162
"USD/TRY",2024-06-05,0.0106227698168695
"USD/TRY",2024-06-06,-4.96414953361501e-05
"USD/TRY",2024-06-07,-0.000344320041121726
"USD/TRY",2024-06-10,-0.00292348970383483
"USD/TRY",2024-06-11,0.00047324833274498
"USD/TRY",2024-06-12,0.000485853773763534
"USD/TRY",2024-06-13,0.00085468502629471
"USD/TRY",2024-06-14,-0.0107386932527143
"USD/TRY",2024-06-17,-0.0048491836749851
"USD/TRY",2024-06-18,0.00921086559585582
"USD/TRY",2024-06-19,-0.000526253441640367
"USD/TRY",2024-06-20,-0.00929749272724889
"USD/TRY",2024-06-21,-0.000798315657390081
"USD/TRY",2024-06-24,-0.00257646254790833
"USD/TRY",2024-06-25,-0.000112397949615151
"USD/TRY",2024-06-26,0.00251526551245984
"USD/TRY",2024-06-27,0.00102982855449874
"USD/TRY",2024-06-28,0.00475459471821038
"USD/TRY",2024-07-01,0.000575996290332004
"USD/TRY",2024-07-02,0.00253771806128356
"USD/TRY",2024-07-03,0.000393354768044585
"USD/TRY",2024-07-04,0.000651834383359695
"USD/TRY",2024-07-05,-0.00374532273016204
"USD/TRY",2024-07-08,-0.00120962508720313
"USD/TRY",2024-07-09,-0.00435171663137934
"USD/TRY",2024-07-10,-0.00119987711088632
"USD/TRY",2024-07-11,0.00167840216562221
"USD/TRY",2024-07-12,-0.00668768738849712
"USD/TRY",2024-07-15,0.00160024280246773
"USD/TRY",2024-07-16,-0.00255976583880235
"USD/TRY",2024-07-17,8.77414592572734e-05
"USD/TRY",2024-07-18,4.23607013786409e-05
"USD/TRY",2024-07-19,-0.00018455850481347
"USD/TRY",2024-07-22,0.00443883245494847
"USD/TRY",2024-07-23,0.00169704973120632
"USD/TRY",2024-07-24,0.00223976544108417
"USD/TRY",2024-07-25,-0.00513639318620474
"USD/TRY",2024-07-26,0.00133025188099811
"USD/TRY",2024-07-29,-0.00429416884277734
"USD/TRY",2024-07-30,-0.001016254102574
"USD/TRY",2024-07-31,-0.0018332973520172
"USD/TRY",2024-08-01,0.0016549545191884
"USD/TRY",2024-08-02,-0.00249648071723918
"USD/TRY",2024-08-05,-0.0047163088529647
"USD/TRY",2024-08-06,-0.00731903097391085
"USD/TRY",2024-08-07,0.00418813458362122
"USD/TRY",2024-08-08,-0.0019902823446114
"USD/TRY",2024-08-09,0.000358316988954499
"USD/TRY",2024-08-12,0.00340743352905237
"USD/TRY",2024-08-13,-0.00478625011422462
"USD/TRY",2024-08-14,-0.00205871428439064
"USD/TRY",2024-08-15,-0.000148801995411674
"USD/TRY",2024-08-16,-0.00175419341700556
"USD/TRY",2024-08-19,0.00280223052769601
"USD/TRY",2024-08-20,-0.00855751850077047
"USD/TRY",2024-08-21,0.000774131061813232
"USD/TRY",2024-08-22,0.00359188023960666
"USD/TRY",2024-08-23,-0.00735349588381062
"USD/TRY",2024-08-26,-0.000303262726477627
"USD/TRY",2024-08-27,-0.000926883663019407
"USD/TRY",2024-08-28,-0.000899579375044368
"USD/TRY",2024-08-29,-0.0011218698221902
"USD/TRY",2024-08-30,-4.98969042008746e-05
"USD/TRY",2024-09-02,0.00562759943507585
"USD/TRY",2024-09-03,-0.00275889076655034
"USD/TRY",2024-09-04,-0.000359038956640578
"USD/TRY",2024-09-05,0.00194977765980653
"USD/TRY",2024-09-06,-0.000913511187735416
"USD/TRY",2024-09-09,-0.00251814461181565
"USD/TRY",2024-09-10,0.000702442264765679
"USD/TRY",2024-09-11,0.001306266734729
"USD/TRY",2024-09-12,0.00174434752022457
"USD/TRY",2024-09-13,0.000955966602172342
"USD/TRY",2024-09-16,-0.00299761034789414
"USD/TRY",2024-09-17,-0.00298571721741236
"USD/TRY",2024-09-18,0.000316956283230141
"USD/TRY",2024-09-19,0.00127470866380763
"USD/TRY",2024-09-20,-0.00197598639705143
"USD/TRY",2024-09-23,-0.000771131005864234
"USD/TRY",2024-09-24,0.000152419811352722
"USD/TRY",2024-09-25,0.000214013172887828
"USD/TRY",2024-09-26,-0.000978809154696059
"USD/TRY",2024-09-27,-0.000635419845014251
"USD/TRY",2024-09-30,2.92731477435915e-05
"USD/TRY",2024-10-01,-0.00132229103228898
"USD/TRY",2024-10-02,0.00069603264219964
"USD/TRY",2024-10-03,0.00223760259951433
"USD/TRY",2024-10-04,-0.004227903102068
"USD/TRY",2024-10-07,0.000438052135208089
"USD/TRY",2024-10-08,-0.000166482416774638
"USD/TRY",2024-10-09,0.000934997306952567
"USD/TRY",2024-10-10,0.00166177631767717
"USD/TRY",2024-10-11,-0.00269898593721374
"USD/TRY",2024-10-14,-0.000370796969552778
"USD/TRY",2024-10-15,0.00256335076882541
"USD/TRY",2024-10-16,0.000286849139809586
"USD/TRY",2024-10-17,0.00102220298017253
"USD/TRY",2024-10-18,0.00409635058452862
"USD/TRY",2024-10-21,-0.00314350186144985
"USD/TRY",2024-10-22,-0.00420620661499571
"USD/TRY",2024-10-23,-0.000496434442887494
"USD/TRY",2024-10-24,0.0010106498812652
"USD/TRY",2024-10-25,-0.00188610991844529
"USD/TRY",2024-10-28,1.45847219203965e-05
"USD/TRY",2024-10-29,0.000782052519082033
"USD/TRY",2024-10-30,0.00148992575013329
"USD/TRY",2024-10-31,-0.00144905544619833
"USD/TRY",2024-11-01,-0.00140031529971196
"USD/TRY",2024-11-04,-0.000923717606260865
"USD/TRY",2024-11-05,0.000638060783095806
"USD/TRY",2024-11-06,0.00366726446799559
"USD/TRY",2024-11-07,-0.000921000183517151
"USD/TRY",2024-11-08,-0.00450504407510355
"USD/TRY",2024-11-11,0.00161015392391395
"USD/TRY",2024-11-12,-0.000862176991923036
"USD/TRY",2024-11-13,-0.000104808680583712
"USD/TRY",2024-11-14,0.00092910418037917
"USD/TRY",2024-11-15,-0.00291838482754248
"USD/TRY",2024-11-18,-0.00288961362480533
"USD/TRY",2024-11-19,0.00633846997234677
"USD/TRY",2024-11-20,-0.00411687844615649
"USD/TRY",2024-11-21,-0.000435426289210117
"USD/TRY",2024-11-22,-0.00251884556196025
"USD/TRY",2024-11-25,-5.21070046404226e-05
"USD/TRY",2024-11-26,-0.00183070515906048
"USD/TRY",2024-11-27,-0.000349563987491308
"USD/TRY",2024-11-28,0.000176211199688581
"USD/TRY",2024-11-29,-0.00221626563536459
"USD/TRY",2024-12-02,-0.000291096904179167
"USD/TRY",2024-12-03,-0.000164245013587916
"USD/TRY",2024-12-04,0.00251272722579321
"USD/TRY",2024-12-05,-0.00166816301249595
"USD/TRY",2024-12-06,-0.00172296103727687
"USD/TRY",2024-12-09,-0.00196423884215724
"USD/TRY",2024-12-10,-0.000649104488399832
"USD/TRY",2024-12-11,-0.000731891110057781
"USD/TRY",2024-12-12,-0.000461820239662902
"USD/TRY",2024-12-13,-0.00153881673317047
"USD/TRY",2024-12-16,-0.000772813049199073
"USD/TRY",2024-12-17,-0.000680725485132871
"USD/TRY",2024-12-18,-0.00163984575348097
"USD/TRY",2024-12-19,-0.00101284611259267
"USD/TRY",2024-12-20,-0.00260016693002285
"USD/TRY",2024-12-23,-0.000153577066126509
"USD/TRY",2024-12-24,0.00218357791983825
"USD/TRY",2024-12-25,-0.00293121812653574
"USD/TRY",2024-12-26,0.00167514945581537
"USD/TRY",2024-12-27,0.00174924334294113
"USD/TRY",2024-12-30,-0.00687957815802687
"USD/TRY",2024-12-31,-0.000642628969010683
"USD/ARS",2016-01-01,0.00077310226581373
"USD/ARS",2016-01-04,-0.0198785997032203
"USD/ARS",2016-01-05,-0.0331016058392111
"USD/ARS",2016-01-06,-0.0155892680749359
"USD/ARS",2016-01-07,-0.00291322549881778
"USD/ARS",2016-01-08,0.000576202839336126
"USD/ARS",2016-01-11,0.013308629336291
"USD/ARS",2016-01-12,0.0154882154299769
"USD/ARS",2016-01-13,-0.00381150201471847
"USD/ARS",2016-01-14,0.0217377949247046
"USD/ARS",2016-01-15,-0.0131767847603665
"USD/ARS",2016-01-18,-0.00752631068914988
"USD/ARS",2016-01-19,0.00388968613548979
"USD/ARS",2016-01-20,0.00342058632150266
"USD/ARS",2016-01-21,-0.00675552845711547
"USD/ARS",2016-01-22,-0.0135946540189278
"USD/ARS",2016-01-25,-0.00393357150556639
"USD/ARS",2016-01-26,-0.00482295642334263
"USD/ARS",2016-01-27,-0.00126534244391285
"USD/ARS",2016-01-28,0.000650547567126569
"USD/ARS",2016-01-29,-0.00440100273858546
"USD/ARS",2016-02-01,-0.0150683916637155
"USD/ARS",2016-02-02,-0.000992281549144547
"USD/ARS",2016-02-03,-0.00213007698568601
"USD/ARS",2016-02-04,-0.00105980862712318
"USD/ARS",2016-02-05,-0.0139548563791565
"USD/ARS",2016-02-08,0.00565663717191978
"USD/ARS",2016-02-09,-0.00569145550725869
"USD/ARS",2016-02-10,-0.00932238041820188
"USD/ARS",2016-02-11,-0.00522262668759899
"USD/ARS",2016-02-12,-0.0145867642432229
"USD/ARS",2016-02-15,-0.00161519807771082
"USD/ARS",2016-02-16,0.000472800473502843
"USD/ARS",2016-02-17,-0.0080140657496357
"USD/ARS",2016-02-18,-0.00694586376298689
"USD/ARS",2016-02-19,-0.0024263385841925
"USD/ARS",2016-02-22,-0.0136173158775197
"USD/ARS",2016-02-23,-0.00372634693929141
"USD/ARS",2016-02-24,-0.00143453337068289
"USD/ARS",2016-02-25,-0.00591198733470444
"USD/ARS",2016-02-26,-0.00161807096563127
"USD/ARS",2016-02-29,-0.0235515527013894
"USD/ARS",2016-03-01,0.00262479792713233
"USD/ARS",2016-03-02,0.0085864734891814
"USD/ARS",2016-03-03,0.0283771308403917
"USD/ARS",2016-03-04,0.00115069136363255
"USD/ARS",2016-03-07,-0.0129101526734368
"USD/ARS",2016-03-08,-0.00333922600404746
"USD/ARS",2016-03-09,0.00545225768926727
"USD/ARS",2016-03-10,0.00211750604425331
"USD/ARS",2016-03-11,0.0316729582712041
"USD/ARS",2016-03-14,0.00458840211219602
"USD/ARS",2016-03-15,0.0179816162503577
"USD/ARS",2016-03-16,-0.00566476495515333
"USD/ARS",2016-03-17,-0.0213051463100258
"USD/ARS",2016-03-18,0.00980020304318385
"USD/ARS",2016-03-21,0.020756784809965
"USD/ARS",2016-03-22,0.0059260972930697
"USD/ARS",2016-03-23,-0.0081005739458897
"USD/ARS",2016-03-24,3.44785974140116e-05
"USD/ARS",2016-03-25,0.000448329978368189
"USD/ARS",2016-03-28,-0.021903915530205
"USD/ARS",2016-03-29,0.0120867907247884
"USD/ARS",2016-03-30,0.0020857917325805
"USD/ARS",2016-03-31,-0.00614231584781777
"USD/ARS",2016-04-01,-0.00617244040679621
"USD/ARS",2016-04-04,0.00464273840033869
"USD/ARS",2016-04-05,0.0023805486501467
"USD/ARS",2016-04-06,0.00546262881087944
"USD/ARS",2016-04-07,0.00894091238064521
"USD/ARS",2016-04-08,0.000691085030960714
"USD/ARS",2016-04-11,-0.00396723245645259
"USD/ARS",2016-04-12,0.00155052145802204
"USD/ARS",2016-04-13,0.00758038277925976
"USD/ARS",2016-04-14,0.00459690866958651
"USD/ARS",2016-04-15,0.0202390379131208
"USD/ARS",2016-04-18,-0.00699241495283331
"USD/ARS",2016-04-19,-0.00204939826508488
"USD/ARS",2016-04-20,-0.0130106515217148
"USD/ARS",2016-04-21,0.00538011359239254
"USD/ARS",2016-04-22,-0.00311281576219091
"USD/ARS",2016-04-25,0.000209548423914629
"USD/ARS",2016-04-26,-0.000209548423914629
"USD/ARS",2016-04-27,0.00820510231111715
"USD/ARS",2016-04-28,-0.00869387793792731
"USD/ARS",2016-04-29,0.00279622691806658
"USD/ARS",2016-05-02,0.00744803892731571
"USD/ARS",2016-05-03,-0.00137432846933416
"USD/ARS",2016-05-04,-0.00309412714765855
"USD/ARS",2016-05-05,0.000421363115894025
"USD/ARS",2016-05-06,0.00108934386596049
"USD/ARS",2016-05-09,-0.000492108695649751
"USD/ARS",2016-05-10,0.000140577774885298
"USD/ARS",2016-05-11,0.00175889164844767
"USD/ARS",2016-05-12,0.00324446609901319
"USD/ARS",2016-05-13,8.47792912956891e-05
"USD/ARS",2016-05-16,-0.000861588058863827
"USD/ARS",2016-05-17,0.00183706686300411
"USD/ARS",2016-05-18,0.000813626519582389
"USD/ARS",2016-05-19,0.0025158137394703
"USD/ARS",2016-05-20,0.00106492502343425
"USD/ARS",2016-05-23,0.00630624696138549
"USD/ARS",2016-05-24,-0.0038526070553706
"USD/ARS",2016-05-25,-7.12047849913411e-05
"USD/ARS",2016-05-26,0.00281645135284414
"USD/ARS",2016-05-27,0.00716592102614388
"USD/ARS",2016-05-30,-0.00358937930235737
"USD/ARS",2016-05-31,-0.0019686807253203
"USD/ARS",2016-06-01,0.00100175315164108
"USD/ARS",2016-06-02,0.0043046305304868
"USD/ARS",2016-06-03,0
"USD/ARS",2016-06-06,0.00949962896901591
"USD/ARS",2016-06-07,-0.00347801234593614
"USD/ARS",2016-06-08,-0.00497854486229077
"USD/ARS",2016-06-09,0.00548500220408599
"USD/ARS",2016-06-10,0.000941244684485198
"USD/ARS",2016-06-13,0.000470954778933219
"USD/ARS",2016-06-14,0.00461257105594726
"USD/ARS",2016-06-15,-0.000254790981777386
"USD/ARS",2016-06-16,-0.0121182911478113
"USD/ARS",2016-06-17,0.000359621681870426
"USD/ARS",2016-06-20,0.000431716800488591
"USD/ARS",2016-06-21,-0.00427297370011903
"USD/ARS",2016-06-22,-0.0079585009912404
"USD/ARS",2016-06-23,-0.0224254591176849
"USD/ARS",2016-06-24,-0.0366841440571566
"USD/ARS",2016-06-27,-0.0242634745178085
"USD/ARS",2016-06-28,0.0252356339614646
"USD/ARS",2016-06-29,-0.00358225328256045
"USD/ARS",2016-06-30,-0.00513334460579795
"USD/ARS",2016-07-01,-0.00142864286637723
"USD/ARS",2016-07-04,0.00299252093645386
"USD/ARS",2016-07-05,0.00936775000360024
"USD/ARS",2016-07-06,0.0119705213250141
"USD/ARS",2016-07-07,-0.000442139281074283
"USD/ARS",2016-07-08,-3.40026182046316e-05
"USD/ARS",2016-07-11,-0.000339962607387889
"USD/ARS",2016-07-12,0.00976883814653551
"USD/ARS",2016-07-13,-6.86459584962051e-05
"USD/ARS",2016-07-14,-0.010685430678445
"USD/ARS",2016-07-15,-0.0139937879485856
"USD/ARS",2016-07-18,-0.0143949561002468
"USD/ARS",2016-07-19,0.00985131605037415
"USD/ARS",2016-07-20,-0.00439034830129303
"USD/ARS",2016-07-21,0.00435701552350265
"USD/ARS",2016-07-22,0.00648744918425548
"USD/ARS",2016-07-25,-0.00298142692749259
"USD/ARS",2016-07-26,0
"USD/ARS",2016-07-27,-0.0031393005777347
"USD/ARS",2016-07-28,-0.00256423205259715
"USD/ARS",2016-07-29,0.00216417870681607
"USD/ARS",2016-08-01,0.00273689300042212
"USD/ARS",2016-08-02,0.00717810749893566
"USD/ARS",2016-08-03,-0.00550558662067768
"USD/ARS",2016-08-04,0.00604434345235028
"USD/ARS",2016-08-05,0.00303592744565373
"USD/ARS",2016-08-08,0.00984560660721367
"USD/ARS",2016-08-09,-0.00835801420360038
"USD/ARS",2016-08-10,0.00757360681723496
"USD/ARS",2016-08-11,-0.000238610605669543
"USD/ARS",2016-08-12,0.000170430337012473
"USD/ARS",2016-08-15,-0.000102261687747518
"USD/ARS",2016-08-16,-0.000306722333494491
"USD/ARS",2016-08-17,-0.00709644252733588
"USD/ARS",2016-08-18,-0.00952949378327395
"USD/ARS",2016-08-19,-3.35126258850238e-05
"USD/ARS",2016-08-22,0.00594929741570205
"USD/ARS",2016-08-23,-6.74217907481456e-05
"USD/ARS",2016-08-24,-0.00138114589673455
"USD/ARS",2016-08-25,0
"USD/ARS",2016-08-26,-0.00948160214948901
"USD/ARS",2016-08-29,-0.00684570000303442
"USD/ARS",2016-08-30,0.00541286791571149
"USD/ARS",2016-08-31,0.00599824122755965
"USD/ARS",2016-09-01,0.000482489655936558
"USD/ARS",2016-09-02,-0.00424728494949189
"USD/ARS",2016-09-05,-0.00083395885076909
"USD/ARS",2016-09-06,-0.00143278434453897
"USD/ARS",2016-09-07,-0.00182964406257868
"USD/ARS",2016-09-08,-0.00122897064278371
"USD/ARS",2016-09-09,0.00582606724936063
"USD/ARS",2016-09-12,0.00311000635240255
"USD/ARS",2016-09-13,-0.00407781833870624
"USD/ARS",2016-09-14,-0.00229896647809014
"USD/ARS",2016-09-15,-0.00242649988592358
"USD/ARS",2016-09-16,-0.00443885716250891
"USD/ARS",2016-09-19,-0.00132122232266774
"USD/ARS",2016-09-20,0.000726456246451068
"USD/ARS",2016-09-21,-0.000528384147559624
"USD/ARS",2016-09-22,-0.000989968401864161
"USD/ARS",2016-09-23,0.000791896302972717
"USD/ARS",2016-09-26,-0.00533317039690395
"USD/ARS",2016-09-27,-0.00324521288525714
"USD/ARS",2016-09-28,-0.0050272687736177
"USD/ARS",2016-09-29,-0.000488320999367353
"USD/ARS",2016-09-30,0.000195299785791025
"USD/ARS",2016-10-03,0.0107677487376057
"USD/ARS",2016-10-04,0.002207106458195
"USD/ARS",2016-10-05,-0.00171340119020558
"USD/ARS",2016-10-06,-0.00157899963725638
"USD/ARS",2016-10-07,0.00141440413034211
"USD/ARS",2016-10-10,0
"USD/ARS",2016-10-11,0.000362145882902176
"USD/ARS",2016-10-12,0.00766869854135699
"USD/ARS",2016-10-13,-0.00380864525041558
"USD/ARS",2016-10-14,-0.00280579167054418
"USD/ARS",2016-10-17,-0.00199556826292024
"USD/ARS",2016-10-18,1.97385952049878e-05
"USD/ARS",2016-10-19,0.00154740182653512
"USD/ARS",2016-10-20,-0.000559974980457678
"USD/ARS",2016-10-21,0.000856559319683647
"USD/ARS",2016-10-24,0.000428554952247584
"USD/ARS",2016-10-25,-0.00404745612512336
"USD/ARS",2016-10-26,0.00164333173115905
"USD/ARS",2016-10-27,0.00184374332017967
"USD/ARS",2016-10-28,-0.000724733198146588
"USD/ARS",2016-10-31,0.0012191707854754
"USD/ARS",2016-11-01,0.0061514233065374
"USD/ARS",2016-11-02,-0.00274966630649143
"USD/ARS",2016-11-03,0.00274966630649143
"USD/ARS",2016-11-04,-0.00109414642635874
"USD/ARS",2016-11-07,0.000430884479910354
"USD/ARS",2016-11-08,0.00905827427235684
"USD/ARS",2016-11-09,0.000501932450431841
"USD/ARS",2016-11-10,-0.0066718064477036
"USD/ARS",2016-11-11,-0.0172392488930195
"USD/ARS",2016-11-14,-0.0189051338068698
"USD/ARS",2016-11-15,0.0068861487800933
"USD/ARS",2016-11-16,-0.000806907168771076
"USD/ARS",2016-11-17,-0.000258072842491686
"USD/ARS",2016-11-18,0.000613031783923024
"USD/ARS",2016-11-21,0.00693075287850098
"USD/ARS",2016-11-22,-0.00317985926140629
"USD/ARS",2016-11-23,-0.00724980015492749
"USD/ARS",2016-11-24,0.00121002273901771
"USD/ARS",2016-11-25,-0.00112639805939585
"USD/ARS",2016-11-28,0.00322165227100557
"USD/ARS",2016-11-29,-0.0124743075659675
"USD/ARS",2016-11-30,-0.0112182695067355
"USD/ARS",2016-12-01,0.00388362264483355
"USD/ARS",2016-12-02,-0.00819160220171877
"USD/ARS",2016-12-05,0.00421344521721601
"USD/ARS",2016-12-06,-0.00295755808197251
"USD/ARS",2016-12-07,-0.00517039929742236
"USD/ARS",2016-12-08,0.000156286629997116
"USD/ARS",2016-12-09,0.000625390889676503
"USD/ARS",2016-12-12,-0.00249922029492877
"USD/ARS",2016-12-13,0.00366975183105689
"USD/ARS",2016-12-14,-4.38413818875105e-05
"USD/ARS",2016-12-15,0.000595154209488857
"USD/ARS",2016-12-16,0.00562443549599179
"USD/ARS",2016-12-19,0
"USD/ARS",2016-12-20,0
"USD/ARS",2016-12-21,0.00524438064212873
"USD/ARS",2016-12-22,0.00412633500889426
"USD/ARS",2016-12-23,0.0150619735758943
"USD/ARS",2016-12-26,-0.00467102403606967
"USD/ARS",2016-12-27,0.000803793950518994
"USD/ARS",2016-12-28,-0.0105584087568129
"USD/ARS",2016-12-29,-0.0129646084665263
"USD/ARS",2016-12-30,0.00295755808197251
"USD/ARS",2017-01-02,-0.00452717070998521
"USD/ARS",2017-01-03,0
"USD/ARS",2017-01-04,-0.00852690500546505
"USD/ARS",2017-01-05,0.00736697572514045
"USD/ARS",2017-01-06,0.00934895142101277
"USD/ARS",2017-01-09,-0.00466966204762453
"USD/ARS",2017-01-10,0.00239521072595483
"USD/ARS",2017-01-11,6.31094001661836e-05
"USD/ARS",2017-01-12,0.00202160660170447
"USD/ARS",2017-01-13,-0.00202160660170447
"USD/ARS",2017-01-16,-0.00189155163587129
"USD/ARS",2017-01-17,-0.00188798042235216
"USD/ARS",2017-01-18,-0.00420366399986705
"USD/ARS",2017-01-19,0.00448663392834048
"USD/ARS",2017-01-20,-0.000282969928473431
"USD/ARS",2017-01-23,-0.00197855065094199
"USD/ARS",2017-01-24,0.000502118322176948
"USD/ARS",2017-01-25,-0.00150559923049221
"USD/ARS",2017-01-26,0.000376187345732415
"USD/ARS",2017-01-27,0.0038641016931531
"USD/ARS",2017-01-30,-0.000346178663116259
"USD/ARS",2017-01-31,-0.0005033187686867
"USD/ARS",2017-02-01,0.00653133089923363
"USD/ARS",2017-02-02,0.00762634773506443
"USD/ARS",2017-02-03,0.00383509578394214
"USD/ARS",2017-02-06,-0.00971886882062734
"USD/ARS",2017-02-07,0.0058518756187782
"USD/ARS",2017-02-08,0.000350927568961712
"USD/ARS",2017-02-09,0.00127713938176743
"USD/ARS",2017-02-10,0.00798708356606292
"USD/ARS",2017-02-13,0.00277347959002006
"USD/ARS",2017-02-14,0.000322997418829019
"USD/ARS",2017-02-15,0.00716500333805481
"USD/ARS",2017-02-16,-0.00360512902846155
"USD/ARS",2017-02-17,-0.0149628726767124
"USD/ARS",2017-02-20,-0.00223321196657178
"USD/ARS",2017-02-21,0.00607321668517447
"USD/ARS",2017-02-22,0.000898126824548928
"USD/ARS",2017-02-23,0.00488967068280521
"USD/ARS",2017-02-24,0.00193673398175243
"USD/ARS",2017-02-27,0
"USD/ARS",2017-02-28,0
"USD/ARS",2017-03-01,0.00161681522690538
"USD/ARS",2017-03-02,0.00291687129512352
"USD/ARS",2017-03-03,-0.00194552590549169
"USD/ARS",2017-03-06,-0.00229732672910776
"USD/ARS",2017-03-07,-0.00621830437048176
"USD/ARS",2017-03-08,-0.00461450540036612
"USD/ARS",2017-03-09,0.00660788290510927
"USD/ARS",2017-03-10,0.00428956810687264
"USD/ARS",2017-03-13,-0.00399987630473397
"USD/ARS",2017-03-14,-0.000386237089998964
"USD/ARS",2017-03-15,-0.00170409828547768
"USD/ARS",2017-03-16,0.000899916497064002
"USD/ARS",2017-03-17,-0.000482198835992875
"USD/ARS",2017-03-20,-0.00458532539882039
"USD/ARS",2017-03-21,0.00201751785725213
"USD/ARS",2017-03-22,-0.0017615506196611
"USD/ARS",2017-03-23,0.00118470148175787
"USD/ARS",2017-03-24,0.000416579885216262
"USD/ARS",2017-03-27,3.20517957042021e-05
"USD/ARS",2017-03-28,0.000897867624853887
"USD/ARS",2017-03-29,0.0100921393740441
"USD/ARS",2017-03-30,0.000486215792143252
"USD/ARS",2017-03-31,0.00266216636675276
"USD/ARS",2017-04-03,-0.000552495179721557
"USD/ARS",2017-04-04,0.000877634992704213
"USD/ARS",2017-04-05,-0.00126744788745325
"USD/ARS",2017-04-06,-0.000941420965827167
"USD/ARS",2017-04-07,0.00429227075925587
"USD/ARS",2017-04-10,0.00873882531183323
"USD/ARS",2017-04-11,-0.00279031777266869
"USD/ARS",2017-04-12,0.00390862858224095
"USD/ARS",2017-04-13,0.0021414342609396
"USD/ARS",2017-04-14,0.00102291672148924
"USD/ARS",2017-04-17,-0.00339469370050427
"USD/ARS",2017-04-18,-0.00574139140494889
"USD/ARS",2017-04-19,-0.00691141826613428
"USD/ARS",2017-04-20,3.24891567471397e-05
"USD/ARS",2017-04-21,-0.00554035987661905
"USD/ARS",2017-04-24,0.00547538261863645
"USD/ARS",2017-04-25,-0.00175279193148725
"USD/ARS",2017-04-26,-0.00420712594656836
"USD/ARS",2017-04-27,0.00501822178144806
"USD/ARS",2017-04-28,0.0010716548348908
"USD/ARS",2017-05-01,0.000227468439735201
"USD/ARS",2017-05-02,0.00652105343120724
"USD/ARS",2017-05-03,0.000359894652905535
"USD/ARS",2017-05-04,-0.00427762738180748
"USD/ARS",2017-05-05,-0.000651465821086106
"USD/ARS",2017-05-08,-0.00775235397818319
"USD/ARS",2017-05-09,-0.00264601638731543
"USD/ARS",2017-05-10,0.000354547069837174
"USD/ARS",2017-05-11,0.00419965081790208
"USD/ARS",2017-05-12,0.000647668416422498
"USD/ARS",2017-05-15,-0.0060587064206219
"USD/ARS",2017-05-16,-0.00297070029877222
"USD/ARS",2017-05-17,-0.00256492606152525
"USD/ARS",2017-05-18,-0.0251064503952851
"USD/ARS",2017-05-19,-0.000312217055831621
"USD/ARS",2017-05-22,-0.00975435648747158
"USD/ARS",2017-05-23,0.00514490519661726
"USD/ARS",2017-05-24,0.000217536554768305
"USD/ARS",2017-05-25,0.000341938796287522
"USD/ARS",2017-05-26,0.00461203684452505
"USD/ARS",2017-05-29,0.00175065694330367
"USD/ARS",2017-05-30,-0.0118197332508871
"USD/ARS",2017-05-31,0.00471114186507471
"USD/ARS",2017-06-01,0.00264422857091251
"USD/ARS",2017-06-02,0.000810221297049996
"USD/ARS",2017-06-05,0.000561307236889963
"USD/ARS",2017-06-06,0.000904991557967083
"USD/ARS",2017-06-07,0.00143718586302244
"USD/ARS",2017-06-08,0.003539272350086
"USD/ARS",2017-06-09,0.00128726411395697
"USD/ARS",2017-06-12,-0.000188483649601334
"USD/ARS",2017-06-13,0.00213823111465228
"USD/ARS",2017-06-14,-0.00125833664521302
"USD/ARS",2017-06-15,-0.00401606965488988
"USD/ARS",2017-06-16,-0.00356328323762556
"USD/ARS",2017-06-19,-0.00705771891320284
"USD/ARS",2017-06-20,-0.000309770153025468
"USD/ARS",2017-06-21,-0.00488167564022435
"USD/ARS",2017-06-22,0.00463392858869538
"USD/ARS",2017-06-23,-0.00188705567127023
"USD/ARS",2017-06-26,-0.00791150673426655
"USD/ARS",2017-06-27,-0.00513809736674498
"USD/ARS",2017-06-28,-0.00124994300071801
"USD/ARS",2017-06-29,-0.00480229487401695
"USD/ARS",2017-06-30,-0.00797298255932688
"USD/ARS",2017-07-03,-0.0136235376675362
"USD/ARS",2017-07-04,-0.00237107402133807
"USD/ARS",2017-07-05,-0.0146931823499248
"USD/ARS",2017-07-06,0.00309697270349707
"USD/ARS",2017-07-07,0.00716554222994326
"USD/ARS",2017-07-10,-0.0013842463223197
"USD/ARS",2017-07-11,-0.000559045517921408
"USD/ARS",2017-07-12,0.00229702371517115
"USD/ARS",2017-07-13,0.000530832534804127
"USD/ARS",2017-07-14,0.00621395696794291
"USD/ARS",2017-07-17,-0.00429471226572753
"USD/ARS",2017-07-18,-0.0100863925405279
"USD/ARS",2017-07-19,-0.00321327650650405
"USD/ARS",2017-07-20,-0.00346459331927429
"USD/ARS",2017-07-21,-0.0116446697728523
"USD/ARS",2017-07-24,-0.00195155612392117
"USD/ARS",2017-07-25,-0.00166155823599112
"USD/ARS",2017-07-26,-0.00197309224590114
"USD/ARS",2017-07-27,-0.00754183581879975
"USD/ARS",2017-07-28,-0.00923985723506782
"USD/ARS",2017-07-31,0.00867296379585003
"USD/ARS",2017-08-01,0.00406037157929662
"USD/ARS",2017-08-02,-0.000341364893935658
"USD/ARS",2017-08-03,-0.00454043176235208
"USD/ARS",2017-08-04,0
"USD/ARS",2017-08-07,-0.00189519892664158
"USD/ARS",2017-08-08,-0.00112975213959388
"USD/ARS",2017-08-09,0.00045174770659262
"USD/ARS",2017-08-10,0.000141213020075082
"USD/ARS",2017-08-11,-0.000282406101848487
"USD/ARS",2017-08-14,0.0333321129954087
"USD/ARS",2017-08-15,0.00333362884388277
"USD/ARS",2017-08-16,-0.007819378115141
"USD/ARS",2017-08-17,-0.00830648887007701
"USD/ARS",2017-08-18,0.000432432439171127
"USD/ARS",2017-08-21,0.000865426276428938
"USD/ARS",2017-08-22,0.00680520978558485
"USD/ARS",2017-08-23,-0.00127769567575164
"USD/ARS",2017-08-24,0.000987166911360582
"USD/ARS",2017-08-25,-0.000638866324436105
"USD/ARS",2017-08-28,-0.000377320160628969
"USD/ARS",2017-08-29,-0.00895571491998659
"USD/ARS",2017-08-30,-0.000575043144080301
"USD/ARS",2017-08-31,0.0033398626001544
"USD/ARS",2017-09-01,0.0073523357803027
"USD/ARS",2017-09-04,-0.00174165501209878
"USD/ARS",2017-09-05,-5.80029581671582e-05
"USD/ARS",2017-09-06,-8.69981295954503e-05
"USD/ARS",2017-09-07,0.00275862243907987
"USD/ARS",2017-09-08,-0.00255561502861212
"USD/ARS",2017-09-11,0.00619701443500009
"USD/ARS",2017-09-12,0.00394766211917119
"USD/ARS",2017-09-13,0
"USD/ARS",2017-09-14,0.00431636334413676
"USD/ARS",2017-09-15,0.000971545569773635
"USD/ARS",2017-09-18,-0.00727830882169611
"USD/ARS",2017-09-19,-0.000350836163111712
"USD/ARS",2017-09-20,-0.00510242378228609
"USD/ARS",2017-09-21,-0.00435287976913701
"USD/ARS",2017-09-22,-0.00159132040814125
"USD/ARS",2017-09-25,-0.0116405711924252
"USD/ARS",2017-09-26,-0.00390720191336813
"USD/ARS",2017-09-27,0.000626405874530001
"USD/ARS",2017-09-28,0.00156773352140993
"USD/ARS",2017-09-29,0.0123134117020465
"USD/ARS",2017-10-02,-0.00357472705391659
"USD/ARS",2017-10-03,-0.00192620123666609
"USD/ARS",2017-10-04,0.00330845106798705
"USD/ARS",2017-10-05,-0.00253266698437038
"USD/ARS",2017-10-06,-0.00235422577224087
"USD/ARS",2017-10-09,-0.00108910618085334
"USD/ARS",2017-10-10,0.00149065501745493
"USD/ARS",2017-10-11,0.00100457808996524
"USD/ARS",2017-10-12,-0.00017228507479583
"USD/ARS",2017-10-13,0.00435642771894607
"USD/ARS",2017-10-16,0.000796219729461978
"USD/ARS",2017-10-17,-0.00057703406101961
"USD/ARS",2017-10-18,-0.000144206503963407
"USD/ARS",2017-10-19,-0.00618128899778725
"USD/ARS",2017-10-20,0.00172117082077294
"USD/ARS",2017-10-23,0.000143564712040245
"USD/ARS",2017-10-24,-0.00515538876329158
"USD/ARS",2017-10-25,0.000971761823356232
"USD/ARS",2017-10-26,-0.00964706333449028
"USD/ARS",2017-10-27,0.00292128347063159
"USD/ARS",2017-10-30,-0.0051843678877086
"USD/ARS",2017-10-31,0.00339655010941131
"USD/ARS",2017-11-01,0.00141864117990087
"USD/ARS",2017-11-02,0.00512383699986918
"USD/ARS",2017-11-03,-0.00654247817977005
"USD/ARS",2017-11-06,-0.000226795941324465
"USD/ARS",2017-11-07,-0.000651751960616398
"USD/ARS",2017-11-08,0.00742102608171091
"USD/ARS",2017-11-09,0.000885094777192119
"USD/ARS",2017-11-10,0.000828701700542833
"USD/ARS",2017-11-13,-0.000285836789140959
"USD/ARS",2017-11-14,0.000714745223766577
"USD/ARS",2017-11-15,-0.00197145737362536
"USD/ARS",2017-11-16,0.00225749856550683
"USD/ARS",2017-11-17,0.000114439390162868
"USD/ARS",2017-11-20,0.00060102175504495
"USD/ARS",2017-11-21,-0.00114449225654356
"USD/ARS",2017-11-22,0.00346610868503516
"USD/ARS",2017-11-23,0.00169445322639872
"USD/ARS",2017-11-24,0.00267676127992678
"USD/ARS",2017-11-27,0.00204838292703924
"USD/ARS",2017-11-28,-0.0032581301798249
"USD/ARS",2017-11-29,-0.00298928106244745
"USD/ARS",2017-11-30,0.00670959855190389
"USD/ARS",2017-12-01,0.00498205178325861
"USD/ARS",2017-12-04,-0.00703138069606135
"USD/ARS",2017-12-05,0.00306110900923384
"USD/ARS",2017-12-06,0.00231649155275004
"USD/ARS",2017-12-07,-0.00150632976543186
"USD/ARS",2017-12-08,0.000202643044971307
"USD/ARS",2017-12-11,0.00202869218975854
"USD/ARS",2017-12-12,-0.00639090678862697
"USD/ARS",2017-12-13,0.00256880345607025
"USD/ARS",2017-12-14,-0.00745724199236841
"USD/ARS",2017-12-15,-0.00440781525378231
"USD/ARS",2017-12-18,-0.00313658654642879
"USD/ARS",2017-12-19,-0.00326867341406878
"USD/ARS",2017-12-20,-0.00650546771755156
"USD/ARS",2017-12-21,-0.0111303839111554
"USD/ARS",2017-12-22,-0.0061981659580117
"USD/ARS",2017-12-25,0
"USD/ARS",2017-12-26,-0.0155067442409877
"USD/ARS",2017-12-27,-0.00601125176429873
"USD/ARS",2017-12-28,-0.0394814353552535
"USD/ARS",2017-12-29,0.0299272225504419
"USD/ARS",2018-01-01,0
"USD/ARS",2018-01-02,0.0118075972271727
"USD/ARS",2018-01-03,-0.00293112080885871
"USD/ARS",2018-01-04,-0.00917190136238499
"USD/ARS",2018-01-05,-0.0138668888684332
"USD/ARS",2018-01-08,-0.00843886864586496
"USD/ARS",2018-01-09,0.00526594160528715
"USD/ARS",2018-01-10,0.0160735803944685
"USD/ARS",2018-01-11,-0.00340122718385727
"USD/ARS",2018-01-12,0.00123060475669234
"USD/ARS",2018-01-15,-0.00302030245502216
"USD/ARS",2018-01-16,-0.00802747459522646
"USD/ARS",2018-01-17,0.000794554693918759
"USD/ARS",2018-01-18,-0.000476808570395892
"USD/ARS",2018-01-19,-0.00562503958984095
"USD/ARS",2018-01-22,-0.00792156067660654
"USD/ARS",2018-01-23,-0.0102154430586117
"USD/ARS",2018-01-24,-0.0159576489680093
"USD/ARS",2018-01-25,0.00377397428759085
"USD/ARS",2018-01-26,0.000459969854530673
"USD/ARS",2018-01-29,-0.000153346794074416
"USD/ARS",2018-01-30,-0.00336769376352031
"USD/ARS",2018-01-31,-0.000203738604076964
"USD/ARS",2018-02-01,0.0143629040003614
"USD/ARS",2018-02-02,-0.00541029272824733
"USD/ARS",2018-02-05,-0.000539422830665437
"USD/ARS",2018-02-06,-0.00514837913430766
"USD/ARS",2018-02-07,-0.00573184261708937
"USD/ARS",2018-02-08,-0.0147007703124169
"USD/ARS",2018-02-09,-0.0013257790892931
"USD/ARS",2018-02-12,0.00107549752122393
"USD/ARS",2018-02-13,-0.000650439069287856
"USD/ARS",2018-02-14,0.00478811659182776
"USD/ARS",2018-02-15,0.012262336824044
"USD/ARS",2018-02-16,-0.00570741608912151
"USD/ARS",2018-02-19,-0.00668055676750168
"USD/ARS",2018-02-20,0.00201207311342033
"USD/ARS",2018-02-21,-0.00221305793974258
"USD/ARS",2018-02-22,-0.0021079054229074
"USD/ARS",2018-02-23,-0.00100220493455705
"USD/ARS",2018-02-26,-0.0106611880112295
"USD/ARS",2018-02-27,-0.00190601193883388
"USD/ARS",2018-02-28,0.00513222146254533
"USD/ARS",2018-03-01,-0.0016392224816526
"USD/ARS",2018-03-02,-0.00554347093713314
"USD/ARS",2018-03-05,0.00286688941354463
"USD/ARS",2018-03-06,-0.00545485068296347
"USD/ARS",2018-03-07,-0.00307219903697042
"USD/ARS",2018-03-08,0.00196511976773861
"USD/ARS",2018-03-09,0.00485563479434337
"USD/ARS",2018-03-12,0.00205285554946855
"USD/ARS",2018-03-13,-0.000396059216029254
"USD/ARS",2018-03-14,-0.00116251759960351
"USD/ARS",2018-03-15,-0.00436590360868117
"USD/ARS",2018-03-16,0.00641977513478587
"USD/ARS",2018-03-19,-0.000495294710471939
"USD/ARS",2018-03-20,-0.00267036060175618
"USD/ARS",2018-03-21,-0.000789850463139619
"USD/ARS",2018-03-22,0.00237142544808222
"USD/ARS",2018-03-23,0.00168316871420782
"USD/ARS",2018-03-26,0.000892237592650336
"USD/ARS",2018-03-27,0.000496031756202164
"USD/ARS",2018-03-28,0.000496277925818855
"USD/ARS",2018-03-29,0.00049652433989289
"USD/ARS",2018-03-30,0.000993788901666015
"USD/ARS",2018-04-02,-0.000944122905480071
"USD/ARS",2018-04-03,-0.00188557590724736
"USD/ARS",2018-04-04,9.91522483584362e-05
"USD/ARS",2018-04-05,-0.00104060860211641
"USD/ARS",2018-04-06,0.000718399733627972
"USD/ARS",2018-04-09,-0.000668871490137057
"USD/ARS",2018-04-10,0.00205758839031889
"USD/ARS",2018-04-11,-0.000496191738664553
"USD/ARS",2018-04-12,-0.00215557373390096
"USD/ARS",2018-04-13,-0.000395922008537219
"USD/ARS",2018-04-16,-0.000435333234673152
"USD/ARS",2018-04-17,0.00229257390967863
"USD/ARS",2018-04-18,0.00243200437519686
"USD/ARS",2018-04-19,-0.00173774930776416
"USD/ARS",2018-04-20,-0.00158616108003073
"USD/ARS",2018-04-23,-0.00299197829618914
"USD/ARS",2018-04-24,-0.000444323771225719
"USD/ARS",2018-04-25,0.000617169679529628
"USD/ARS",2018-04-26,-0.0147809488167256
"USD/ARS",2018-04-27,0.000949401826489282
"USD/ARS",2018-04-30,-4.87092060494909e-05
"USD/ARS",2018-05-01,-4.87068335783825e-05
"USD/ARS",2018-05-02,-0.0312386810314473
"USD/ARS",2018-05-03,-0.0493677292654984
"USD/ARS",2018-05-04,0.0181598524741871
"USD/ARS",2018-05-07,-0.00410968865369155
"USD/ARS",2018-05-08,-0.023887041710362
"USD/ARS",2018-05-09,-0.00925624979409756
"USD/ARS",2018-05-10,-0.000705094335575307
"USD/ARS",2018-05-11,-0.0135639795599176
"USD/ARS",2018-05-14,-0.0832268816282418
"USD/ARS",2018-05-15,0.038459616049483
"USD/ARS",2018-05-16,-0.00856545146598631
"USD/ARS",2018-05-17,-0.00170843452247249
"USD/ARS",2018-05-18,-0.00371553045249096
"USD/ARS",2018-05-21,0.00133271842986815
"USD/ARS",2018-05-22,0.00382346756414487
"USD/ARS",2018-05-23,-0.00806149943789825
"USD/ARS",2018-05-24,-0.00428117754114643
"USD/ARS",2018-05-25,-0.000874365886302186
"USD/ARS",2018-05-28,-0.00587700546553238
"USD/ARS",2018-05-29,-0.00463663767871569
"USD/ARS",2018-05-30,-0.0026112297653369
"USD/ARS",2018-05-31,-0.00144329095334417
"USD/ARS",2018-06-01,-0.000280398167232132
"USD/ARS",2018-06-04,0.000420626740035068
"USD/ARS",2018-06-05,0.00130306238054123
"USD/ARS",2018-06-06,0.000983432257561923
"USD/ARS",2018-06-07,-0.00338776120582818
"USD/ARS",2018-06-08,-0.0123311029477313
"USD/ARS",2018-06-11,-0.0300058531043823
"USD/ARS",2018-06-12,0.0124304327881068
"USD/ARS",2018-06-13,-0.0175772427068761
"USD/ARS",2018-06-14,-0.0558534915522619
"USD/ARS",2018-06-15,-0.0125539668836221
"USD/ARS",2018-06-18,0.0159345165946148
"USD/ARS",2018-06-19,-0.00516563659942326
"USD/ARS",2018-06-20,0.00095525623449344
"USD/ARS",2018-06-21,0.00849311987537504
"USD/ARS",2018-06-22,0.0174092908731973
"USD/ARS",2018-06-25,-0.00262433387232575
"USD/ARS",2018-06-26,0.000369208052929615
"USD/ARS",2018-06-27,-0.0132063548136103
"USD/ARS",2018-06-28,-0.0223432718166303
"USD/ARS",2018-06-29,-0.0307586993396018
"USD/ARS",2018-07-02,0.0228782141283319
"USD/ARS",2018-07-03,0.0116473714549645
"USD/ARS",2018-07-04,-0.00412320194317095
"USD/ARS",2018-07-05,7.12529837487708e-05
"USD/ARS",2018-07-06,0.00525104351835903
"USD/ARS",2018-07-09,0
"USD/ARS",2018-07-10,0.0176324255988756
"USD/ARS",2018-07-11,0.000711075486007129
"USD/ARS",2018-07-12,0.0077634739465684
"USD/ARS",2018-07-13,-0.00196487167601189
"USD/ARS",2018-07-16,-0.00311384077955967
"USD/ARS",2018-07-17,-0.00692548785871239
"USD/ARS",2018-07-18,-0.00344484068340067
"USD/ARS",2018-07-19,-0.00379369978977007
"USD/ARS",2018-07-20,0.00469908690458221
"USD/ARS",2018-07-23,-0.000416579885215818
"USD/ARS",2018-07-24,0.00481027601819983
"USD/ARS",2018-07-25,0.00382841880104623
"USD/ARS",2018-07-26,-0.000803359546584392
"USD/ARS",2018-07-27,0.00274138008186764
"USD/ARS",2018-07-30,0.00260211614453798
"USD/ARS",2018-07-31,-0.00625562209003494
"USD/ARS",2018-08-01,-0.00289504312613209
"USD/ARS",2018-08-02,0.0021112797460856
"USD/ARS",2018-08-03,0.00555425029735712
"USD/ARS",2018-08-06,-0.00137316132418208
"USD/ARS",2018-08-07,-0.00221139965660067
"USD/ARS",2018-08-08,-0.00847123771585601
"USD/ARS",2018-08-09,-0.0161069353951748
"USD/ARS",2018-08-10,-0.0404941887493635
"USD/ARS",2018-08-13,-0.0238828925673338
"USD/ARS",2018-08-14,0.00601407325852188
"USD/ARS",2018-08-15,-0.00395761181970844
"USD/ARS",2018-08-16,0.00513449791529696
"USD/ARS",2018-08-17,-0.00461553482536159
"USD/ARS",2018-08-20,0.000100475584517756
"USD/ARS",2018-08-21,-0.00432803449548969
"USD/ARS",2018-08-22,-0.00820343696116588
"USD/ARS",2018-08-23,-0.00764444066658054
"USD/ARS",2018-08-24,-0.0122340649946708
"USD/ARS",2018-08-27,-0.0037058356662083
"USD/ARS",2018-08-28,-0.0165163267149784
"USD/ARS",2018-08-29,-0.0773405193140686
"USD/ARS",2018-08-30,-0.130316719470307
"USD/ARS",2018-08-31,0.0484803988142097
"USD/ARS",2018-09-03,-0.0313463477347438
"USD/ARS",2018-09-04,-0.0234907952981893
"USD/ARS",2018-09-05,0.00927841707904653
"USD/ARS",2018-09-06,0.0316317675792033
"USD/ARS",2018-09-07,0.00876415683798504
"USD/ARS",2018-09-10,-0.00983260435198252
"USD/ARS",2018-09-11,-0.0130625469064767
"USD/ARS",2018-09-12,-0.0100416401635202
"USD/ARS",2018-09-13,-0.0293564161365465
"USD/ARS",2018-09-14,-0.0118359477922994
"USD/ARS",2018-09-17,0.0102412731602595
"USD/ARS",2018-09-18,-0.00569974557615316
"USD/ARS",2018-09-19,0.0116102431041791
"USD/ARS",2018-09-20,0.0283199058258652
"USD/ARS",2018-09-21,0.0259438039550588
"USD/ARS",2018-09-24,-0.00190529918497395
"USD/ARS",2018-09-25,-0.0260648479153169
"USD/ARS",2018-09-26,-0.00624920664109307
"USD/ARS",2018-09-27,-0.0306733312166001
"USD/ARS",2018-09-28,-0.0386396274752192
"USD/ARS",2018-10-01,0.0449527797562932
"USD/ARS",2018-10-02,0.0361096613604803
"USD/ARS",2018-10-03,0.00857242308619188
"USD/ARS",2018-10-04,-0.0222668007757516
"USD/ARS",2018-10-05,0.0199383878065573
"USD/ARS",2018-10-08,0.0089729556878626
"USD/ARS",2018-10-09,0.00400802139753864
"USD/ARS",2018-10-10,0.00456192928552879
"USD/ARS",2018-10-11,0.0157227418859773
"USD/ARS",2018-10-12,-0.00245599795987017
"USD/ARS",2018-10-15,0
"USD/ARS",2018-10-16,0.0213770467474843
"USD/ARS",2018-10-17,-0.00798717430465468
"USD/ARS",2018-10-18,-0.0145747793211322
"USD/ARS",2018-10-19,0.00528159429563235
"USD/ARS",2018-10-22,0.00243865802927212
"USD/ARS",2018-10-23,-0.00360109106385575
"USD/ARS",2018-10-24,-0.0121043992205205
"USD/ARS",2018-10-25,0.00672016402878972
"USD/ARS",2018-10-26,-0.00158927476960935
"USD/ARS",2018-10-29,-0.00139701766279954
"USD/ARS",2018-10-30,0.00434665177700833
"USD/ARS",2018-10-31,0.0228565643373426
"USD/ARS",2018-11-01,0.00635721167164016
"USD/ARS",2018-11-02,0.00524183132120548
"USD/ARS",2018-11-05,-0.00402166048617536
"USD/ARS",2018-11-06,0.00053341569787646
"USD/ARS",2018-11-07,-0.00130496114159762
"USD/ARS",2018-11-08,0.00524418964575357
"USD/ARS",2018-11-09,0.00254058005389135
"USD/ARS",2018-11-12,-0.00479346751761067
"USD/ARS",2018-11-13,-0.0131341834985603
"USD/ARS",2018-11-14,0.00361563458829428
"USD/ARS",2018-11-15,-0.00426783718275647
"USD/ARS",2018-11-16,0.00329311037718361
"USD/ARS",2018-11-19,0.000417623727097194
"USD/ARS",2018-11-20,-0.00750449142360443
"USD/ARS",2018-11-21,-0.00219490566510894
"USD/ARS",2018-11-22,-0.00467740569376751
"USD/ARS",2018-11-23,-0.0302807671896712
"USD/ARS",2018-11-26,-0.0399374489644382
"USD/ARS",2018-11-27,0.013836326013887
"USD/ARS",2018-11-28,0.00241580520904172
"USD/ARS",2018-11-29,0.0187706502148215
"USD/ARS",2018-11-30,9.27563886627958e-05
"USD/ARS",2018-12-03,0.0321561589108046
"USD/ARS",2018-12-04,-0.0227297886685816
"USD/ARS",2018-12-05,-0.00327201387041942
"USD/ARS",2018-12-06,-0.00531916147759981
"USD/ARS",2018-12-07,0.00860455246912917
"USD/ARS",2018-12-10,-0.0075429812441703
"USD/ARS",2018-12-11,-0.00371057939653596
"USD/ARS",2018-12-12,0.00606331836421337
"USD/ARS",2018-12-13,-0.00619558474890436
"USD/ARS",2018-12-14,-0.00918923250309289
"USD/ARS",2018-12-17,-0.00273515629374055
"USD/ARS",2018-12-18,7.84170217618119e-05
"USD/ARS",2018-12-19,-0.00266273505191927
"USD/ARS",2018-12-20,0.00844328738795941
"USD/ARS",2018-12-21,0.00164457491922798
"USD/ARS",2018-12-24,1.31675104846352e-05
"USD/ARS",2018-12-25,0
"USD/ARS",2018-12-26,-0.0150032872573078
"USD/ARS",2018-12-27,0.00621968616620583
"USD/ARS",2018-12-28,0.0163705098152205
"USD/ARS",2018-12-31,0.000849504949014701
"USD/ARS",2019-01-01,0
"USD/ARS",2019-01-02,-0.00307602798826556
"USD/ARS",2019-01-03,0.0086288236401173
"USD/ARS",2019-01-04,0.00259386176023169
"USD/ARS",2019-01-07,0.00125924354867202
"USD/ARS",2019-01-08,-0.00658675015746057
"USD/ARS",2019-01-09,0.00504640280601265
"USD/ARS",2019-01-10,0.000214167158284706
"USD/ARS",2019-01-11,0.0120400630240689
"USD/ARS",2019-01-14,-0.00193563730023438
"USD/ARS",2019-01-15,-0.00377924298158172
"USD/ARS",2019-01-16,-0.00970634103549761
"USD/ARS",2019-01-17,-0.00548172583047579
"USD/ARS",2019-01-18,0.00272380171722775
"USD/ARS",2019-01-21,-0.00610162391752223
"USD/ARS",2019-01-22,0.00801937434546263
"USD/ARS",2019-01-23,-0.000852787600983618
"USD/ARS",2019-01-24,0.00427122913094591
"USD/ARS",2019-01-25,0.00912389342046138
"USD/ARS",2019-01-28,-0.00210358901180063
"USD/ARS",2019-01-29,-0.0136861069865901
"USD/ARS",2019-01-30,0.00331401571681855
"USD/ARS",2019-01-31,0.00552107224961729
"USD/ARS",2019-02-01,0.00388162225903788
"USD/ARS",2019-02-04,8.07471806214544e-05
"USD/ARS",2019-02-05,-0.00164057914264371
"USD/ARS",2019-02-06,-0.0083093519557873
"USD/ARS",2019-02-07,-0.00792364570086379
"USD/ARS",2019-02-08,-9.25356758738616e-05
"USD/ARS",2019-02-11,-0.00293026964863019
"USD/ARS",2019-02-12,-0.000645616091677681
"USD/ARS",2019-02-13,-0.00602755582269721
"USD/ARS",2019-02-14,-5.23683590496482e-05
"USD/ARS",2019-02-15,-0.0108852406796709
"USD/ARS",2019-02-18,-0.00297407602678712
"USD/ARS",2019-02-19,-0.0142300971833329
"USD/ARS",2019-02-20,-0.00987975103997352
"USD/ARS",2019-02-21,0.00356065478022582
"USD/ARS",2019-02-22,0.00874055924118489
"USD/ARS",2019-02-25,0.0040915541033324
"USD/ARS",2019-02-26,0.00372248680925713
"USD/ARS",2019-02-27,0.00271716551928769
"USD/ARS",2019-02-28,-0.00902439356616958
"USD/ARS",2019-03-01,-0.0178206361238935
"USD/ARS",2019-03-04,0.000112987966901734
"USD/ARS",2019-03-05,-0.000125541397440809
"USD/ARS",2019-03-06,-0.022221757294556
"USD/ARS",2019-03-07,-0.0411077732028158
"USD/ARS",2019-03-08,0.0301186516272209
"USD/ARS",2019-03-11,-0.00080113619958011
"USD/ARS",2019-03-12,-0.00607257482008494
"USD/ARS",2019-03-13,0.00677656941140903
"USD/ARS",2019-03-14,0.0117494664799622
"USD/ARS",2019-03-15,0.0177996221197438
"USD/ARS",2019-03-18,7.50403342144601e-05
"USD/ARS",2019-03-19,-0.0124790323787205
"USD/ARS",2019-03-20,-0.0079477786997777
"USD/ARS",2019-03-21,-0.00532865282769723
"USD/ARS",2019-03-22,-0.0174001490048199
"USD/ARS",2019-03-25,-0.00635256357406089
"USD/ARS",2019-03-26,-0.0138304981264312
"USD/ARS",2019-03-27,-0.0288808688110782
"USD/ARS",2019-03-28,0.00567312513194196
"USD/ARS",2019-03-29,0.00713696739693814
"USD/ARS",2019-04-01,0.0139364539399658
"USD/ARS",2019-04-02,0
"USD/ARS",2019-04-03,-0.00315793429610078
"USD/ARS",2019-04-04,-0.012486816841244
"USD/ARS",2019-04-05,-0.0118314727096749
"USD/ARS",2019-04-08,0.00436317810214915
"USD/ARS",2019-04-09,0.00829899359615416
"USD/ARS",2019-04-10,0.00869439649127868
"USD/ARS",2019-04-11,0.0062368079203674
"USD/ARS",2019-04-12,0.0126864557567785
"USD/ARS",2019-04-15,0.01345059996593
"USD/ARS",2019-04-16,-0.0162706072851875
"USD/ARS",2019-04-17,0.0152128640258398
"USD/ARS",2019-04-18,-0.0041001843776951
"USD/ARS",2019-04-19,0
"USD/ARS",2019-04-22,-0.0148446442034862
"USD/ARS",2019-04-23,0.000377287308757523
"USD/ARS",2019-04-24,-0.033694769291388
"USD/ARS",2019-04-25,-0.0240399983409421
"USD/ARS",2019-04-26,-0.0195974484952322
"USD/ARS",2019-04-29,0.0323678696098861
"USD/ARS",2019-04-30,0.0024381446067574
"USD/ARS",2019-05-01,0.00298805003198277
"USD/ARS",2019-05-02,-0.0138461152779348
"USD/ARS",2019-05-03,0.00639266462335364
"USD/ARS",2019-05-06,-0.00449035330162628
"USD/ARS",2019-05-07,-0.0137933221323356
"USD/ARS",2019-05-08,0.00642803942277537
"USD/ARS",2019-05-09,-0.00554386606720803
"USD/ARS",2019-05-10,0.0112304510516794
"USD/ARS",2019-05-13,-0.00824058115372539
"USD/ARS",2019-05-14,0.00344387386980127
"USD/ARS",2019-05-15,0.000400703462541951
"USD/ARS",2019-05-16,0.00515666429029338
"USD/ARS",2019-05-17,-0.00589116469612927
"USD/ARS",2019-05-20,-0.00444001173408015
"USD/ARS",2019-05-21,0.00811792058883398
"USD/ARS",2019-05-22,-0.000825920557681048
"USD/ARS",2019-05-23,-0.00434158915946092
"USD/ARS",2019-05-24,0.00574829468666938
"USD/ARS",2019-05-27,-0.00325696854712731
"USD/ARS",2019-05-28,0.00614355464840566
"USD/ARS",2019-05-29,0.00415427532837365
"USD/ARS",2019-05-30,-0.00224769705779204
"USD/ARS",2019-05-31,-0.00325021300413386
"USD/ARS",2019-06-03,-0.00268186550282756
"USD/ARS",2019-06-04,0.0031519323281235
"USD/ARS",2019-06-05,-0.00415578049674581
"USD/ARS",2019-06-06,-0.000668672709635665
"USD/ARS",2019-06-07,0.000891663010481381
"USD/ARS",2019-06-10,0.000245346776593713
"USD/ARS",2019-06-11,0.00406813561187658
"USD/ARS",2019-06-12,0.0221257483180195
"USD/ARS",2019-06-13,0.00514257986273092
"USD/ARS",2019-06-14,-0.0114428198403362
"USD/ARS",2019-06-17,0.000227577889514219
"USD/ARS",2019-06-18,0.0113533539598807
"USD/ARS",2019-06-19,0.00253543987386218
"USD/ARS",2019-06-20,0.00122391969739333
"USD/ARS",2019-06-21,0.0125562604847311
"USD/ARS",2019-06-24,0.00855368862304084
"USD/ARS",2019-06-25,0.00106256134482186
"USD/ARS",2019-06-26,-0.00654628282618086
"USD/ARS",2019-06-27,-0.00196961234185888
"USD/ARS",2019-06-28,0.00516675644469045
"USD/ARS",2019-07-01,0.00375084479805743
"USD/ARS",2019-07-02,0.00492810247021858
"USD/ARS",2019-07-03,0.00173534803987874
"USD/ARS",2019-07-04,0.0126902217803728
"USD/ARS",2019-07-05,-0.00720291229405801
"USD/ARS",2019-07-08,0.00100528982352666
"USD/ARS",2019-07-09,-0.00100528982352666
"USD/ARS",2019-07-10,0.000287122555449049
"USD/ARS",2019-07-11,0.00210808817050534
"USD/ARS",2019-07-12,0.00276160348410537
"USD/ARS",2019-07-15,-0.0169529936124984
"USD/ARS",2019-07-16,-0.0088035782667597
"USD/ARS",2019-07-17,0.00516918444255232
"USD/ARS",2019-07-18,0.00406005656386199
"USD/ARS",2019-07-19,-4.73048085423144e-05
"USD/ARS",2019-07-22,-0.00401275175531968
"USD/ARS",2019-07-23,-0.00378552314840563
"USD/ARS",2019-07-24,-0.00496290552092704
"USD/ARS",2019-07-25,-0.011781433607732
"USD/ARS",2019-07-26,0.00138566551426322
"USD/ARS",2019-07-29,-0.0108376294202026
"USD/ARS",2019-07-30,-0.0028535900380704
"USD/ARS",2019-07-31,0.00117469291870265
"USD/ARS",2019-08-01,-0.0108051489921048
"USD/ARS",2019-08-02,-0.00660469453500978
"USD/ARS",2019-08-05,-0.0180705716266676
"USD/ARS",2019-08-06,0.00291185240597658
"USD/ARS",2019-08-07,-0.00515612714937097
"USD/ARS",2019-08-08,0.00734559425869064
"USD/ARS",2019-08-09,-0.00173648598867704
"USD/ARS",2019-08-12,-0.158188695865231
"USD/ARS",2019-08-13,-0.0473425760386204
"USD/ARS",2019-08-14,-0.0806688928185375
"USD/ARS",2019-08-15,0.0534992657473152
"USD/ARS",2019-08-16,0.0404936771438447
"USD/ARS",2019-08-19,2.73556646765982e-05
"USD/ARS",2019-08-20,0.00223657577770897
"USD/ARS",2019-08-21,-0.00474107379683453
"USD/ARS",2019-08-22,-0.00199909198788539
"USD/ARS",2019-08-23,-0.00127007183905725
"USD/ARS",2019-08-26,-0.00263478519582705
"USD/ARS",2019-08-27,-0.0175233155057981
"USD/ARS",2019-08-28,-0.0291931459400674
"USD/ARS",2019-08-29,0.00120887675545678
"USD/ARS",2019-08-30,-0.0277015638536238
"USD/ARS",2019-09-02,0.0211565869935608
"USD/ARS",2019-09-03,0.040643183612314
"USD/ARS",2019-09-04,5.36399152615274e-05
"USD/ARS",2019-09-05,-0.00130442181691492
"USD/ARS",2019-09-06,0.00357782134788476
"USD/ARS",2019-09-09,-0.00357782134788476
"USD/ARS",2019-09-10,0.00282541630352107
"USD/ARS",2019-09-11,-0.00585653211271264
"USD/ARS",2019-09-12,0.00160356381800675
"USD/ARS",2019-09-13,0.00282138006123223
"USD/ARS",2019-09-16,-0.00602594039660875
"USD/ARS",2019-09-17,-0.00399131311718115
"USD/ARS",2019-09-18,0.0025171070119816
"USD/ARS",2019-09-19,-0.000993418683461478
"USD/ARS",2019-09-20,-0.00461706655199823
"USD/ARS",2019-09-23,-0.00457827881928097
"USD/ARS",2019-09-24,0.00105466699879742
"USD/ARS",2019-09-25,-0.000369259989601467
"USD/ARS",2019-09-26,-0.00266868146514376
"USD/ARS",2019-09-27,-0.00501955528237197
"USD/ARS",2019-09-30,-0.00469933855861004
"USD/ARS",2019-10-01,-0.000867829612740678
"USD/ARS",2019-10-02,-0.00311796545687848
"USD/ARS",2019-10-03,0.00277104437794407
"USD/ARS",2019-10-04,0.00211809311986144
"USD/ARS",2019-10-07,-0.00471617200398988
"USD/ARS",2019-10-08,-0.000605248386468027
"USD/ARS",2019-10-09,-0.00233110401265701
"USD/ARS",2019-10-10,0.00317855436214476
"USD/ARS",2019-10-11,-0.00386820956189293
"USD/ARS",2019-10-14,-0.000258498127328366
"USD/ARS",2019-10-15,-0.00404110433439708
"USD/ARS",2019-10-16,-0.00120058328459205
"USD/ARS",2019-10-17,0.00188727859054705
"USD/ARS",2019-10-18,0.00106531050127234
"USD/ARS",2019-10-21,-0.00243822988630882
"USD/ARS",2019-10-22,-0.00564345234433095
"USD/ARS",2019-10-23,-0.0027418039842928
"USD/ARS",2019-10-24,-0.00931010855070546
"USD/ARS",2019-10-25,-0.00954136909557057
"USD/ARS",2019-10-28,0.0112951933870056
"USD/ARS",2019-10-29,-0.000337512870881795
"USD/ARS",2019-10-30,-0.00417572292700275
"USD/ARS",2019-10-31,-0.000755826195964815
"USD/ARS",2019-11-01,0.000688618507380667
"USD/ARS",2019-11-04,-0.00203090058811028
"USD/ARS",2019-11-05,-0.000251477431225666
"USD/ARS",2019-11-06,0
"USD/ARS",2019-11-07,0.00109019256887599
"USD/ARS",2019-11-08,0.00159549935177061
"USD/ARS",2019-11-11,-8.40371444672527e-05
"USD/ARS",2019-11-12,-0.000218463530062607
"USD/ARS",2019-11-13,-0.000386395522619765
"USD/ARS",2019-11-14,-0.00107440246703749
"USD/ARS",2019-11-15,0.00188096253227066
"USD/ARS",2019-11-18,0.00323276143608453
"USD/ARS",2019-11-19,-0.00356890719204817
"USD/ARS",2019-11-20,-0.000520802719945479
"USD/ARS",2019-11-21,-0.00420686287787042
"USD/ARS",2019-11-22,0.000167266037021108
"USD/ARS",2019-11-25,0.00425796495997144
"USD/ARS",2019-11-26,-0.00501044189861677
"USD/ARS",2019-11-27,-0.00125287132696617
"USD/ARS",2019-11-28,0.00217264228524083
"USD/ARS",2019-11-29,-0.00233957325967094
"USD/ARS",2019-12-02,0.0021722792400416
"USD/ARS",2019-12-03,0.000836750111576912
"USD/ARS",2019-12-04,0.000535887744344876
"USD/ARS",2019-12-05,-0.00437915423452662
"USD/ARS",2019-12-06,0.00327420024555813
"USD/ARS",2019-12-09,-0.0024399631069949
"USD/ARS",2019-12-10,0.00292532282664659
"USD/ARS",2019-12-11,0.00172577053228462
"USD/ARS",2019-12-12,0
"USD/ARS",2019-12-13,-5.03072937299009e-05
"USD/ARS",2019-12-16,-0.0015917567135828
"USD/ARS",2019-12-17,0.0016420640073127
"USD/ARS",2019-12-18,5.03098246804612e-05
"USD/ARS",2019-12-19,-0.00177608035696508
"USD/ARS",2019-12-20,0.00170900115316996
"USD/ARS",2019-12-23,-0.0028801573854107
"USD/ARS",2019-12-24,0.00209231360592188
"USD/ARS",2019-12-25,-0.000167546285053
"USD/ARS",2019-12-26,0.000251329955665014
"USD/ARS",2019-12-27,-0.00225969883157173
"USD/ARS",2019-12-30,-0.00100267388079534
"USD/ARS",2019-12-31,0.000167042512708271
